Bore,Latitude,Longitude,Cl,cl_d_stdev,cl_d_skew,cl_d_mean,cl_d_final,rainann,R,geol,Group,Count,BoreDepth
GW013369,-30.81,150.25,820.3,0.51,-0.0699,5.69,6.16,608,0.75,5,Dunes,2,22.3
GW015657,-31.13,149.83,26.7,0.45,0.9171,5.74,5.77,655,21.62,5,Dunes,2,25
GW060929,-31.17,150.45,225,0.65,-0.407,6.18,6.54,639,2.91,5,Dunes,2,45.1
GW034839,-30.25,149.51,13.51,0.43,2.8538,5.51,5.42,618,40.09,5,Dunes,3,24.3
GW014542,-31.01,149.89,76.4,0.43,0.7408,5.61,5.76,637,7.54,5,Dunes,2,25.9
GW028161,-31.16,150.44,51.94,0.65,-0.407,6.18,6.54,639,12.6,5,Dunes,2,32.3
GW036508,-31.1,149.87,73.74,0.44,0.9523,5.69,5.75,653,7.8,5,Dunes,3,84
GW036460,-30.84,150.21,18.25,0.5,-0.0455,5.66,6.09,612,33.37,5,Dunes,2,0
GW021267,-30.15,149.61,28.34,0.38,2.6169,5.65,5.58,626,19.7,5,Dunes,6,60
GW006232,-30.18,149.7,868.83,0.37,2.557,5.6,5.62,639,0.65,5,Dunes,2,46.9
GW037942,-30.27,149.51,19.85,0.43,2.8538,5.51,5.42,618,27.29,5,Dunes,2,53.3
GW025323,-30.11,149.56,17.78,0.41,2.6993,5.67,5.55,618,31.23,5,Dunes,14,0
GW017544,-32.83,151.73,34.39,5.93,0.0521,78.65,72.98,1080,212.22,5,Dunes,2,9.1
GW036507,-31.1,149.89,70.2,0.45,0.7023,5.7,5.8,641,8.27,5,Dunes,2,31
GW021091,-30.92,150.29,39.99,0.54,-0.2058,5.79,6.24,632,15.61,5,Dunes,2,24.4
GW030445,-30.27,149.6,51.49,0.4,2.6417,5.51,5.48,626,10.65,5,Dunes,21,0
GW030052,-30.71,150.15,69.52,0.46,0.1657,5.6,6.05,615,8.7,5,Dunes,21,27.4
GW030003,-31.25,150.51,131.17,0.71,-0.4155,6.44,6.69,637,5.1,5,Dunes,9,70.4
GW021434,-30.28,149.6,32.95,0.4,2.6441,5.47,5.46,629,16.57,5,Dunes,5,48.8
GW025325,-30.14,149.55,24.36,0.4,2.7138,5.62,5.52,619,22.68,5,Dunes,51,0
GW036476,-30.87,150.26,27.21,0.52,-0.1122,5.71,6.16,623,22.65,5,Dunes,4,95
GW030452,-30.25,149.54,30.44,0.43,2.7255,5.49,5.43,621,17.83,5,Dunes,11,0
GW036509,-31.01,149.88,77.64,0.43,0.7408,5.61,5.76,637,7.42,5,Dunes,2,93
GW038122,-30.32,149.56,52.87,0.43,2.7571,5.45,5.4,629,10.22,5,Dunes,3,41.7
GW037302,-34.1,150.55,258.93,2.52,-0.2488,19.13,16.48,960,6.36,5,Dunes,6,62.4
GW021435,-30.29,149.59,33.87,0.4,2.6441,5.47,5.46,629,16.12,5,Dunes,14,0
GW036495,-30.94,149.89,85.18,0.44,0.7414,5.62,5.8,634,6.81,5,Dunes,4,0
GW021094,-30.91,150.32,36.81,0.54,-0.2058,5.79,6.24,620,16.96,5,Dunes,9,27.7
GW014643,-30.94,149.88,76.67,0.44,0.7414,5.62,5.8,634,7.57,5,Dunes,2,29.1
GW030005,-31.27,150.48,46.74,0.71,-0.4155,6.44,6.69,647,14.32,5,Dunes,11,45.7
GW036297,-31.21,150.49,69.26,0.69,-0.4198,6.33,6.65,637,9.61,5,Dunes,10,71.9
GW036515,-31.01,149.86,65.82,0.43,1.0031,5.6,5.71,640,8.68,5,Dunes,4,0
GW036039,-31.15,150.5,62.93,0.68,-0.4176,6.23,6.61,637,10.51,5,Dunes,4,0
GW017157,-31.14,149.88,70.55,0.46,0.6873,5.77,5.8,665,8.22,5,Dunes,2,25
GW021271,-30.09,149.62,1865.22,0.38,2.6372,5.69,5.61,624,0.3,5,Dunes,4,43.3
GW047734,-32.89,151.74,225.45,7.39,0.2998,83.57,78.3,1101,34.73,5,Dunes,2,2.6
GW021269,-30.12,149.61,244.77,0.38,2.6372,5.69,5.61,625,2.29,5,Dunes,8,29.3
GW021438,-30.33,149.58,107.83,0.4,2.6164,5.43,5.43,633,5.04,5,Dunes,4,40.8
GW025344,-30.07,149.57,166.49,0.41,2.6652,5.71,5.58,615,3.35,5,Dunes,4,36
GW036129,-31.25,150.51,289.74,0.71,-0.4155,6.44,6.69,637,2.31,5,Dunes,8,38.3
GW053439,-31.18,150.46,158.43,0.67,-0.4108,6.28,6.58,638,4.15,5,Dunes,2,57
GW035565,-31.08,149.86,266.61,0.44,0.9523,5.69,5.75,653,2.16,5,Dunes,3,12.8
GW036656,-30.85,149.9,286.82,0.42,0.7866,5.54,5.77,628,2.01,5,Dunes,2,93
GW016789,-31.01,150.12,207.02,0.49,0.0486,5.73,6.01,703,2.9,5,Dunes,2,23.2
GW036546,-30.85,149.92,280.43,0.42,0.7866,5.54,5.77,628,2.06,5,Dunes,3,97
GW036130,-31.25,150.51,917.68,0.71,-0.4155,6.44,6.69,637,0.73,5,Dunes,8,53.6
GW024749,-31.08,149.85,168.4,0.44,0.9523,5.69,5.75,670,3.42,5,Dunes,1,0
GW040244,-30.2,149.72,235,0.37,2.557,5.6,5.62,642,2.39,5,Dunes,1,0
GW054010,-34.1,150.56,95.01,2.52,-0.2488,19.13,16.48,944,17.34,5,Dunes,1,3
GW054829,-33.07,151.64,37,9.17,0.5589,85.61,81.78,1144,221.02,5,Dunes,1,5.7
GW052267,-33.06,151.65,170,9.17,0.5589,85.61,81.78,1151,48.1,5,Dunes,1,6
GW055049,-33.01,151.71,80,8.3,0.4672,84.76,80.37,1141,100.47,5,Dunes,1,6
GW062106,-32.93,151.76,66.65,10.09,0.6456,90.85,86.08,1136,129.16,5,Dunes,1,6.1
GW054766,-32.93,151.75,40,10.09,0.6456,90.85,86.08,1136,215.21,5,Dunes,1,6.5
GW080084,-32.74,151.99,33,9.44,0.5412,95.62,88.37,1204,267.78,5,Dunes,1,7.08
GW061003,-32.77,151.74,65,3.96,-0.3913,63.6,57.3,1063,88.15,5,Dunes,1,8
GW060358,-32.83,151.85,32.26,9.9,0.6067,93.1,87.22,1154,270.37,5,Dunes,1,8.5
GW080079,-32.81,151.84,41,6.21,0.0965,82.15,75.85,1141,185.01,5,Dunes,1,8.57
GW060010,-32.88,151.8,62.04,9.51,0.5805,90.77,80.99,1140,130.54,5,Dunes,1,11.7
GW054683,-32.87,151.8,73,7.82,0.334,86.1,80.35,1116,110.07,5,Dunes,1,12.8
GW054682,-32.78,151.9,57,7.38,0.2856,87.34,80.87,1172,141.87,5,Dunes,1,13
GW003706,-30.99,150.09,1957.01,0.49,0.0486,5.73,6.01,661,0.31,5,Dunes,1,15.2
GW034447,-30.14,149.56,18.01,0.4,2.7138,5.62,5.52,619,30.68,5,Dunes,1,16.5
GW036474,-30.91,150.25,88.63,0.52,-0.1515,5.74,6.17,645,6.96,5,Dunes,1,17
GW037470,-30.9,150.3,69.13,0.54,-0.2058,5.79,6.24,632,9.03,5,Dunes,1,18.2
GW057597,-33.01,151.71,310,8.3,0.4672,84.76,80.37,1141,25.93,5,Dunes,1,20
GW035568,-31.09,149.87,68.07,0.44,0.9523,5.69,5.75,653,8.45,5,Dunes,1,21.3
GW027729,-31.19,150.48,413.03,0.69,-0.4198,6.33,6.65,639,1.61,5,Dunes,1,21.5
GW047438,-32.76,151.97,26.94,9.02,0.4602,93.17,86.16,1197,319.81,5,Dunes,1,21.5
GW047439,-32.75,151.98,25.88,9.44,0.5412,95.62,88.37,1216,341.44,5,Dunes,1,21.8
GW014549,-30.96,149.88,175.95,0.44,0.7414,5.62,5.8,634,3.3,5,Dunes,1,23.3
GW034891,-30.88,150.11,166.63,0.48,0.0908,5.61,5.97,650,3.58,5,Dunes,1,23.3
GW027371,-31.15,150.45,1097.62,0.65,-0.407,6.18,6.54,638,0.6,5,Dunes,1,24.4
GW028167,-31.11,150.43,225.13,0.64,-0.3974,6.1,6.51,638,2.89,5,Dunes,1,24.4
GW027361,-31.07,150.47,3699.17,0.63,-0.382,6.07,6.5,631,0.18,5,Dunes,1,25
GW051319,-30.88,150.11,114,0.48,0.0908,5.61,5.97,650,5.23,5,Dunes,1,26
GW018203,-31.01,150.46,165.92,0.62,-0.364,6.03,6.5,626,3.91,5,Dunes,1,26.8
GW060134,-30.88,150.26,26.24,0.52,-0.1515,5.74,6.17,634,23.51,5,Dunes,1,27.4
GW036496,-30.94,149.86,59.92,0.42,1.0179,5.56,5.69,639,9.5,5,Dunes,1,28
GW001658,-30.29,149.63,87.99,0.38,2.55,5.5,5.52,634,6.27,5,Dunes,1,28.9
GW037471,-30.9,150.3,41.83,0.54,-0.2058,5.79,6.24,632,14.92,5,Dunes,1,29.8
GW008806,-31.03,150.06,1567.02,0.48,0.1576,5.76,5.97,728,0.38,5,Dunes,1,29.9
GW049355,-31.11,150.53,1464.56,0.69,-0.413,6.26,6.69,637,0.46,5,Dunes,1,30
GW031896,-30.71,150.17,170,0.46,0.1657,5.6,6.05,625,3.56,5,Dunes,1,30.5
GW034446,-30.12,149.57,23.01,0.41,2.6993,5.67,5.55,618,24.13,5,Dunes,1,30.5
GW047278,-30.86,150.23,17.02,0.52,-0.1122,5.71,6.16,621,36.21,5,Dunes,1,30.5
GW008807,-31.02,150.06,778.19,0.48,0.1774,5.7,5.95,661,0.76,5,Dunes,1,32
GW044787,-30.91,149.86,210,0.43,1.0033,5.58,5.73,648,2.73,5,Dunes,1,34.1
GW045044,-30.98,150.14,857.96,0.5,-0.0584,5.75,6.07,659,0.71,5,Dunes,1,34.1
GW027356,-30.97,150.12,904.05,0.48,0.0694,5.67,5.99,652,0.66,5,Dunes,1,35.4
GW037902,-30.94,149.89,83.31,0.44,0.7414,5.62,5.8,634,6.96,5,Dunes,1,36.5
GW042201,-32.11,148.37,28.08,0.44,2.1159,5.11,4.94,578,17.59,5,Dunes,1,36.6
GW010032,-30.98,149.73,107.99,0.45,1.5398,5.6,5.61,678,5.2,5,Dunes,1,37.4
GW016226,-32.1,148.37,48.93,0.44,2.1159,5.11,4.94,578,10.09,5,Dunes,1,37.5
GW042937,-30.93,150.29,26.94,0.55,-0.2392,5.81,6.25,626,23.19,5,Dunes,1,37.8
GW036459,-30.81,150.21,24.46,0.49,-0.0006,5.64,6.09,609,24.88,5,Dunes,1,39
GW026991,-32.1,148.42,109.35,0.44,2.0409,5.15,4.97,574,4.54,5,Dunes,1,39.6
GW028166,-31.1,150.42,114.87,0.62,-0.3778,6.06,6.44,638,5.61,5,Dunes,1,40.2
GW007817,-32.1,148.44,169.69,0.45,1.9704,5.2,5,573,2.94,5,Dunes,1,42.7
GW031897,-30.71,150.17,99,0.46,0.1657,5.6,6.05,625,6.11,5,Dunes,1,42.7
GW053792,-30.26,149.52,117.35,0.43,2.8538,5.51,5.42,618,4.62,5,Dunes,1,42.7
GW006035,-30.81,149.06,78.99,1.42,5.2596,5.61,4.92,600,6.23,5,Dunes,1,44.1
GW034910,-30.94,150.06,54.95,0.47,0.1966,5.64,5.93,642,10.79,5,Dunes,1,44.8
GW022497,-31,150.14,574.34,0.5,-0.0584,5.75,6.07,659,1.06,5,Dunes,1,45.7
GW001602,-30.73,150.17,1113,0.47,0.1279,5.58,6.01,630,0.54,5,Dunes,1,46.9
GW014539,-31.03,149.84,4968.05,0.44,0.9811,5.65,5.73,653,0.12,5,Dunes,1,50
GW038979,-30.69,150.19,99.27,0.48,0.1063,5.62,6.08,622,6.13,5,Dunes,1,51.2
GW055937,-30.81,150.2,19,0.49,-0.0006,5.64,6.09,609,32.03,5,Dunes,1,51.5
GW038285,-30.92,149.82,109.9,0.42,1.3079,5.52,5.62,658,5.12,5,Dunes,1,51.8
GW037873,-30.82,150.2,19.14,0.49,-0.0006,5.64,6.09,609,31.8,5,Dunes,1,52.7
GW015561,-30.06,149.73,1089.79,0.35,2.4839,5.83,5.81,652,0.53,5,Dunes,1,55.4
GW012363,-30.99,149.83,330.95,0.43,1.0031,5.6,5.71,641,1.73,5,Dunes,1,56.9
GW029900,-30.24,149.53,38.29,0.43,2.7255,5.49,5.43,619,14.17,5,Dunes,1,59.4
GW047511,-30.25,149.56,25.88,0.43,2.7255,5.49,5.43,625,20.97,5,Dunes,1,60.9
GW034335,-30.24,149.52,22.34,0.43,2.8538,5.51,5.42,616,24.25,5,Dunes,1,61
GW045045,-30.98,150.13,54.95,0.5,-0.0584,5.75,6.07,659,11.05,5,Dunes,1,62.5
GW049121,-30.26,149.51,25.53,0.43,2.8538,5.51,5.42,618,21.22,5,Dunes,1,62.8
GW016936,-30.88,149.89,167.98,0.43,0.766,5.58,5.79,662,3.44,5,Dunes,1,66.4
GW013061,-30.96,149.78,84.98,0.43,1.2949,5.56,5.64,652,6.64,5,Dunes,1,69.4
GW000743,-30.72,150.27,102,0.5,0.0401,5.69,6.17,670,6.04,5,Dunes,1,70.4
GW006249,-30.99,150.14,818.96,0.5,-0.0584,5.75,6.07,659,0.74,5,Dunes,1,70.7
GW007476,-30.77,148.98,39.99,1.42,5.3938,5.55,4.88,584,12.21,5,Dunes,1,72.2
GW044884,-30.99,150.13,203.85,0.5,-0.0584,5.75,6.07,659,2.98,5,Dunes,1,73.2
GW047909,-31.07,150.31,585.33,0.57,-0.2906,5.91,6.28,647,1.07,5,Dunes,1,77.7
GW054355,-30.43,149.67,170,0.38,2.2764,5.37,5.44,644,3.2,5,Dunes,1,78.5
GW059148,-31.23,150.48,32.97,0.71,-0.4155,6.44,6.69,636,20.3,5,Dunes,1,81.5
GW045061,-31,150.14,733.88,0.5,-0.0584,5.75,6.07,659,0.83,5,Dunes,1,84.1
GW010621,-30.52,149.12,63,0.94,4.7142,5.33,4.94,581,7.85,5,Dunes,1,84.4
GW036131,-31.25,150.49,46.09,0.71,-0.4155,6.44,6.69,647,14.52,5,Dunes,1,86.9
GW000020,-30.35,149.66,60.98,0.38,2.4885,5.45,5.49,639,9.01,5,Dunes,1,91.4
GW013056,-30.04,149.84,63,0.36,2.1807,5.9,5.94,677,9.42,5,Dunes,1,91.4
GW032390,-30.14,149.59,23.04,0.38,2.6169,5.65,5.58,622,24.23,5,Dunes,1,94.7
GW026092,-30.13,149.55,21.98,0.4,2.7138,5.62,5.52,619,25.13,5,Dunes,1,97.5
GW001604,-30.75,149.08,45.98,1.25,5.0195,5.55,4.96,602,10.79,5,Dunes,1,99
GW080416,-32.53,149.99,110,1.08,0.2845,7.78,6.62,690,6.02,9,Liver,2,11.5
GW016899,-31.59,150.1,45.8,0.64,-0.0164,6.62,6.28,761,13.71,9,Liver,2,12.2
GW016898,-31.6,150.11,60.9,0.64,-0.0164,6.62,6.28,762,10.31,9,Liver,2,13.1
GW015394,-31.6,150.2,231.5,0.66,-0.1789,6.54,6.35,694,2.74,9,Liver,2,15.2
GW022049,-31.49,150.36,95.4,0.73,-0.2786,6.82,6.65,667,6.97,9,Liver,2,41.8
GW006199,-31.52,150.32,80.9,0.7,-0.265,6.73,6.56,651,8.11,9,Liver,2,65.5
GW030977,-31.84,149.91,102.55,0.66,0.2571,6.67,6.12,742,5.97,9,Liver,2,15.5
GW967390,-30.13,150.09,16.5,0.36,1.8965,6.1,6.31,909,38.21,9,Liver,2,16.5
GW012058,-32.14,150.06,106.25,0.74,0.137,6.84,6.31,601,5.94,9,Liver,2,77.1
GW017541,-31.95,150.61,39.35,1.2,0.2905,8.36,7.43,834,18.87,9,Liver,6,9.1
GW043481,-31.45,149.12,36.16,0.85,3.4177,5.54,5.07,963,14.02,9,Liver,5,30.4
GW017391,-31.96,150.61,38.35,1.2,0.2905,8.36,7.43,837,19.36,9,Liver,3,26.2
GW056153,-31.93,150.38,58.16,0.95,0.0487,7.53,6.87,690,11.8,9,Liver,2,35.4
GW006012,-30.15,149.73,552.39,0.36,2.5619,5.67,5.7,650,1.03,9,Liver,2,52.4
GW001913,-32.21,148.58,54.95,0.43,1.6942,5.34,5.12,602,9.32,9,Liver,2,44.5
GW053371,-32.06,150.39,70.56,1.02,0.1418,7.74,6.94,616,9.83,9,Liver,2,7.5
GW036491,-32.2,148.56,60.09,0.42,1.7429,5.29,5.09,582,8.47,9,Liver,4,55
GW034930,-32.08,150.31,455.28,0.94,0.0928,7.49,6.74,656,1.48,9,Liver,6,19.5
GW036411,-31.61,150.28,39.94,0.71,-0.2238,6.71,6.51,671,16.3,9,Liver,3,35.1
GW049660,-32.16,150.21,263,0.87,0.0635,7.24,6.56,602,2.5,9,Liver,2,20.7
GW043978,-32.28,150.48,663.61,1.42,0.4462,8.86,7.5,683,1.13,9,Liver,5,67
GW032162,-31.82,149.82,86,0.51,0.3414,6.02,5.87,827,6.82,9,Liver,1,5.8
GW063800,-31.94,150.05,49,0.71,0.0632,6.7,6.26,695,12.79,9,Liver,1,6.5
GW047636,-31.96,150.61,36.16,1.2,0.2905,8.36,7.43,837,20.54,9,Liver,1,7
GW037868,-31.96,150.48,44.32,1.07,0.158,7.92,7.13,882,16.08,9,Liver,1,7.3
GW080413,-32.34,149.96,210,0.86,0.2771,7.09,6.32,630,3.01,9,Liver,1,8.5
GW011262,-34.61,150.3,74.17,1.71,0.0936,12.72,11.69,1120,15.76,9,Liver,1,9.4
GW018452,-31.65,149.86,21,0.56,0.4392,6.31,5.95,937,28.35,9,Liver,1,12.2
GW042237,-32.18,148.63,687.53,0.43,1.6493,5.38,5.15,585,0.75,9,Liver,1,12.2
GW037381,-32.26,150.5,492.8,1.36,0.4165,8.71,7.43,597,1.51,9,Liver,1,14.3
GW018451,-31.63,149.82,62.9,0.55,0.5689,6.24,5.89,888,9.36,9,Liver,1,15.2
GW052890,-32.14,150.3,268,0.98,0.1311,7.58,6.78,638,2.53,9,Liver,1,15.5
GW016524,-31.69,150.2,130,0.7,-0.1275,6.68,6.4,894,4.92,9,Liver,1,15.8
GW044383,-32.09,150.3,110,0.94,0.0928,7.49,6.74,636,6.13,9,Liver,1,16
GW050251,-34.61,150.31,17.73,1.71,0.0936,12.72,11.69,1164,65.91,9,Liver,1,16.1
GW016528,-31.79,150.67,258.1,1.16,0.2105,8.26,7.52,864,2.91,9,Liver,1,16.2
GW040470,-32.21,148.6,749.83,0.43,1.6942,5.34,5.12,602,0.68,9,Liver,1,16.8
GW967128,-29.89,149.84,110,0.43,2.6989,6.27,6.15,679,5.59,9,Liver,1,17
GW056983,-31.83,150.04,185,0.67,0.0179,6.56,6.22,895,3.36,9,Liver,1,18
GW056637,-31.78,150.38,48.9,0.9,0.0003,7.35,6.83,781,13.96,9,Liver,1,19.8
GW051916,-32.34,148.75,1500,0.41,1.6681,5.38,5.22,650,0.35,9,Liver,1,20.8
GW080129,-31.96,150.48,38,1.07,0.158,7.92,7.13,882,18.75,9,Liver,1,20.87
GW007740,-32.07,150.11,190,0.74,-0.0131,6.82,6.33,628,3.33,9,Liver,1,21.2
GW056783,-31.79,150.61,148.9,1.1,0.1455,8.06,7.38,925,4.95,9,Liver,1,21.3
GW001239,-32.2,148.55,17.6,0.42,1.7429,5.29,5.09,595,28.92,9,Liver,1,22.9
GW049492,-32.18,148.63,489.25,0.43,1.6493,5.38,5.15,585,1.05,9,Liver,1,22.9
GW012056,-32.12,150.12,161.68,0.76,0.0087,6.88,6.35,592,3.93,9,Liver,1,23.5
GW080932,-32.1,150.13,92,0.8,0.0151,7.02,6.44,594,7,9,Liver,1,24
GW014121,-34.61,150.3,123.38,1.71,0.0936,12.72,11.69,1164,9.47,9,Liver,1,24.3
GW009190,-32.13,148.63,177.27,0.45,1.6777,5.38,5.13,587,2.9,9,Liver,1,24.4
GW054045,-31.64,149.88,36.4,0.58,0.3216,6.38,6.02,864,16.54,9,Liver,1,24.4
GW058189,-31.9,149.88,78,0.69,0.2561,6.76,6.15,713,7.89,9,Liver,1,24.5
GW058019,-31.8,150.52,83.3,0.95,-0.0075,7.58,7.01,882,8.42,9,Liver,1,25
GW015440,-29.92,149.92,109.98,0.4,2.6316,6.29,6.22,756,5.66,9,Liver,1,27.4
GW045200,-32.27,150.48,2099.6,1.36,0.4165,8.71,7.43,603,0.35,9,Liver,1,29
GW080933,-32.09,150.12,84,0.76,0.0087,6.88,6.35,598,7.56,9,Liver,1,29
GW056651,-31.78,150.36,62,0.85,-0.0292,7.21,6.72,904,10.84,9,Liver,1,29.8
GW042229,-32.25,148.63,198.59,0.42,1.6401,5.39,5.17,598,2.6,9,Liver,1,29.9
GW058000,-31.81,150.46,56.7,0.9,-0.0534,7.42,6.89,839,12.16,9,Liver,1,30
GW271018,-32.11,150.5,70,1.2,0.303,8.27,7.25,652,10.36,9,Liver,1,30
GW005891,-31.8,149.15,2282,0.54,1.8188,5.63,5.28,617,0.23,9,Liver,1,31.7
GW048550,-31.6,149.77,1052,0.53,0.7763,6.13,5.81,703,0.55,9,Liver,1,32
GW060279,-32.35,148.68,31.91,0.4,1.7066,5.33,5.19,608,16.25,9,Liver,1,32.4
GW002818,-32.15,148.61,169.69,0.44,1.7267,5.33,5.1,589,3.01,9,Liver,1,34.7
GW054254,-32.34,149.96,310,0.86,0.2771,7.09,6.32,630,2.04,9,Liver,1,35.1
GW967122,-29.9,149.87,110,0.43,2.6989,6.27,6.15,705,5.59,9,Liver,1,38
GW967125,-29.9,149.87,96,0.43,2.6989,6.27,6.15,705,6.41,9,Liver,1,38
GW050590,-32.32,148.65,87,0.39,1.7417,5.27,5.14,599,5.9,9,Liver,1,38.1
GW080937,-31.97,150.02,43,0.68,0.0905,6.6,6.19,642,14.39,9,Liver,1,39
GW010530,-29.91,149.9,64.99,0.4,2.6316,6.29,6.22,738,9.57,9,Liver,1,39.6
GW042227,-32.21,148.57,142.03,0.42,1.7429,5.29,5.09,587,3.58,9,Liver,1,39.6
GW030976,-31.84,149.91,62.75,0.66,0.2571,6.67,6.12,742,9.76,9,Liver,1,41
GW048109,-32.34,148.69,102.81,0.4,1.7066,5.33,5.19,608,5.04,9,Liver,1,42
GW059881,-32.11,148.65,80,0.46,1.7315,5.37,5.11,591,6.39,9,Liver,1,43.3
GW015141,-31.62,150.38,433.9,0.77,-0.2258,6.91,6.68,662,1.54,9,Liver,1,43.9
GW008433,-32.24,148.64,786.83,0.42,1.6401,5.39,5.17,598,0.66,9,Liver,1,45.7
GW271013,-32.07,150.27,240,0.86,0.0213,7.23,6.6,627,2.75,9,Liver,1,48
GW014131,-29.97,149.97,79.98,0.38,2.8303,6.31,6.27,790,7.84,9,Liver,1,49.3
GW052134,-31.82,149.69,277,0.49,0.6152,5.91,5.75,808,2.08,9,Liver,1,49.4
GW052161,-32.21,148.55,195,0.42,1.7429,5.29,5.09,587,2.61,9,Liver,1,49.7
GW059826,-31.64,150.24,360.19,0.71,-0.1756,6.71,6.45,709,1.79,9,Liver,1,50
GW058434,-31.7,150.25,38.89,0.73,-0.1405,6.79,6.48,772,16.66,9,Liver,1,51.8
GW080930,-32.13,150.36,88,1.04,0.1762,7.77,6.9,598,7.84,9,Liver,1,53
GW030954,-32.24,148.63,219.1,0.42,1.6401,5.39,5.17,598,2.36,9,Liver,1,63
GW967315,-31.64,149.94,210,0.6,0.2181,6.46,6.09,879,2.9,9,Liver,1,64
GW080936,-32.02,150.01,100,0.71,0.1098,6.66,6.21,664,6.21,9,Liver,1,66
GW028490,-32.13,150.24,97,0.92,0.0932,7.41,6.67,597,6.87,9,Liver,1,68.6
GW007688,-29.19,150.87,109.8,0.65,0.9829,8.4,8.45,774,7.69,9,Liver,1,71.9
GW032902,-31.85,149.57,295,0.48,1.0011,5.85,5.63,788,1.91,9,Liver,1,71.9
GW045216,-29.94,150.01,40,0.37,2.7869,6.46,6.37,733,15.93,9,Liver,1,76.2
GW045758,-32.06,148.66,119.83,0.48,1.8162,5.37,5.09,600,4.25,9,Liver,1,79.2
GW012118,-32.07,148.64,162,0.48,1.8162,5.37,5.09,605,3.14,9,Liver,1,81.7
GW007116,-31.87,149.76,209,0.51,0.4206,6,5.83,732,2.79,9,Liver,1,82.3
GW046884,-32.24,150.22,150,0.94,0.2103,7.44,6.65,578,4.43,9,Liver,1,88.4
GW047064,-34.46,150.36,122.31,1.87,0.0206,13.6,12.2,922,9.97,9,Liver,1,89.3
GW055281,-29.04,150.62,36.77,0.51,1.3411,7.83,7.93,690,21.57,9,Liver,1,91.4
GW059622,-29.95,149.87,360,0.43,2.7358,6.23,6.13,697,1.7,9,Liver,1,92
GW057391,-32.11,150.45,612.63,1.13,0.2422,8.05,7.11,703,1.16,9,Liver,1,96.9
GW271008,-33.32,151.23,13,3.71,-0.4422,43.33,39.24,1228,301.88,14,M600,2,0
GW040996,-34.51,150.52,72,2.27,-0.1347,19.9,18.19,1321,25.26,14,M600,2,42
GW026412,-33.42,151.3,17.58,3.63,-0.1015,54.46,51.19,1370,291.17,14,M600,2,43.8
GW043235,-33.29,151.16,19.12,3.82,-0.2617,44.19,40.12,1131,209.82,14,M600,2,45.7
GW044552,-34.55,150.15,53.18,1.27,0.2918,9.44,8.73,787,16.42,14,M600,2,57.8
GW012848,-34.64,150.47,10.35,2.15,-0.0913,18.84,17.53,1344,169.34,14,M600,2,63.7
GW047164,-33.26,151.29,15.76,3.64,-0.4543,45.92,41.79,1257,265.13,14,M600,4,39.6
GW055342,-33.21,151.21,29.89,4.34,-0.3389,35.04,30.67,1154,102.63,14,M600,4,77
GW047482,-33.22,151.22,12.49,4.34,-0.3389,35.04,30.67,1154,245.51,14,M600,4,53.4
GW042738,-33.29,151.24,29.07,3.71,-0.4422,43.33,39.24,1212,135.02,14,M600,8,91
GW040970,-34.53,150.58,11.4,2.66,-0.1473,26.84,25.11,1647,220.23,14,M600,4,0
GW047695,-33.39,151.27,26.5,4.17,-0.0364,56.44,53.37,1311,201.39,14,M600,5,61
GW041009,-34.56,150.59,16.75,2.66,-0.1473,26.84,25.11,1729,149.88,14,M600,4,60
GW047944,-33.22,151.23,27.19,4.14,-0.4337,38.88,34.51,1173,126.94,14,M600,3,46
GW033850,-33.33,151.17,21.46,3.99,-0.0653,50.85,47.11,1148,219.48,14,M600,4,36.6
GW053223,-33.35,151.29,20.99,3.44,-0.2134,51.42,47.73,1342,227.39,14,M600,2,45
GW038351,-33.35,151.2,16.38,3.74,-0.1267,50.45,46.73,1216,285.2,14,M600,3,60.9
GW037335,-33.22,151.21,21.17,4.34,-0.3389,35.04,30.67,1154,144.9,14,M600,6,60.9
GW047968,-33.39,151.29,30.5,3.63,-0.1015,54.46,51.19,1347,167.8,14,M600,8,54
GW075013,-33.31,151.2,21.67,3.73,-0.3478,43.99,39.93,1196,184.29,14,M600,3,0
GW053107,-33.22,151.18,17.02,4.34,-0.3389,35.04,30.67,1120,180.26,14,M600,2,69
GW047233,-33.32,151.27,19.48,3.71,-0.4422,43.33,39.24,1263,201.46,14,M600,4,42
GW050595,-33.28,151.21,15.42,3.73,-0.3478,43.99,39.93,1178,259,14,M600,3,61
GW044648,-33.36,151.2,13.36,3.74,-0.1267,50.45,46.73,1196,349.8,14,M600,5,77.7
GW042700,-33.34,151.19,25.94,3.74,-0.1267,50.45,46.73,1189,180.13,14,M600,5,52
GW271007,-33.3,151.25,18,3.71,-0.4422,43.33,39.24,1244,218.03,14,M600,3,0
GW042826,-33.57,150.67,18.32,3.37,-0.2869,22.34,18.26,1081,99.69,14,M600,3,66.9
GW047060,-34.63,150.46,11.82,2.15,-0.0913,18.84,17.53,1344,148.28,14,M600,3,53.3
GW053622,-33.35,151.2,16.73,3.74,-0.1267,50.45,46.73,1216,279.38,14,M600,2,84
GW047009,-33.36,151.17,26.96,3.99,-0.0653,50.85,47.11,1158,174.72,14,M600,4,91.5
GW040971,-34.52,150.59,14.3,2.63,-0.1361,26.59,24.71,1497,172.78,14,M600,30,90
GW008548,-34.23,150.58,183.76,2.58,-0.2259,24.53,21.97,898,11.96,14,M600,2,65.5
GW075012,-33.37,151.3,30.5,3.44,-0.2134,51.42,47.73,1365,156.49,14,M600,2,0
GW035939,-34.63,150.56,11.42,2.5,-0.1594,24.2,22.77,1593,199.42,14,M600,5,24.3
GW047212,-33.31,151.24,19.04,3.71,-0.4422,43.33,39.24,1228,206.17,14,M600,4,45
GW047214,-33.38,151.23,20.75,4.17,-0.0364,56.44,53.37,1277,257.15,14,M600,4,70
GW047154,-33.35,151.29,26.06,3.44,-0.2134,51.42,47.73,1342,183.15,14,M600,2,46
GW040982,-34.52,150.59,11.33,2.63,-0.1361,26.59,24.71,1497,218.07,14,M600,30,92
GW053148,-33.24,151.22,15.2,4.07,-0.4031,38.62,34.35,1161,225.95,14,M600,3,46
GW037906,-33.31,151.19,29.81,3.73,-0.3478,43.99,39.93,1168,133.94,14,M600,5,32
GW051906,-33.33,151.29,20.1,3.44,-0.2134,51.42,47.73,1312,237.46,14,M600,4,26
GW047650,-33.22,151.22,13.07,4.34,-0.3389,35.04,30.67,1154,234.66,14,M600,2,37.2
GW271009,-33.33,151.17,27,3.99,-0.0653,50.85,47.11,1148,174.47,14,M600,3,0
GW042526,-33.31,151.19,24.22,3.73,-0.3478,43.99,39.93,1168,164.84,14,M600,3,27.4
GW075092,-33.76,150.63,54.33,2.91,-0.1318,18.03,14.93,981,27.48,14,M600,3,0
GW048034,-33.34,151.23,35.85,3.53,-0.2187,49.55,45.8,1247,127.75,14,M600,4,46
GW053610,-33.21,151.2,23.91,4.34,-0.3389,35.04,30.67,1154,128.26,14,M600,4,76
GW042602,-33.41,151.29,30.66,3.63,-0.1015,54.46,51.19,1347,166.93,14,M600,6,77.7
GW038013,-34.69,150.16,14.54,1.31,0.2567,9.96,9.37,937,64.49,14,M600,2,24.3
GW037905,-33.31,151.2,38.47,3.73,-0.3478,43.99,39.93,1168,103.8,14,M600,4,82.2
GW047740,-33.13,151.19,54.11,4.49,-0.2715,33.14,28.69,1071,53.03,14,M600,2,60
GW042524,-33.31,151.19,17.04,3.73,-0.3478,43.99,39.93,1168,234.37,14,M600,3,39.6
GW011299,-34.23,150.56,340.19,2.48,-0.2497,21.5,19.05,936,5.6,14,M600,2,60.9
GW032991,-33.22,151.22,20.03,4.34,-0.3389,35.04,30.67,1154,153.12,14,M600,2,54.8
GW051268,-33.37,151.29,33.1,3.44,-0.2134,51.42,47.73,1342,144.19,14,M600,4,30
GW048032,-33.26,151.22,29.93,4.07,-0.4031,38.62,34.35,1169,114.79,14,M600,4,74.3
GW047416,-34.22,150.55,115.05,2.5,-0.2669,20.97,18.42,923,16.01,14,M600,2,64
GW047462,-33.55,150.94,74.45,4.03,0.0233,46.26,42.43,892,57,14,M600,2,4
GW047003,-34.55,150.24,246.4,1.54,0.1813,11.12,10.18,873,4.13,14,M600,2,99
GW037967,-34.62,150.21,42.93,1.42,0.2147,10.51,9.72,940,22.64,14,M600,4,83.8
GW047088,-33.23,151.23,36.78,3.94,-0.4588,40.92,36.68,1187,99.73,14,M600,2,50
GW047072,-33.58,150.93,217.5,3.74,-0.0196,44.1,40.33,888,18.54,14,M600,2,25
GW037823,-33.3,151.2,111.36,3.73,-0.3478,43.99,39.93,1154,35.86,14,M600,3,38.1
GW028238,-34.43,150.29,292.31,1.71,0.0915,12.23,10.98,849,3.76,14,M600,2,57.9
GW075093,-33.76,150.62,80.5,2.75,-0.0627,16.44,13.53,1035,16.8,14,M600,4,0
GW010604,-34.19,150.58,125.52,2.59,-0.2614,23.7,21.04,883,16.76,14,M600,2,76.2
GW060091,-33.93,150.63,661,2.77,-0.2288,19.43,16.58,835,2.51,14,M600,3,58
GW042979,-34.43,150.4,407.12,2.01,-0.0471,15.24,13.68,909,3.36,14,M600,3,55.2
GW040954,-34.17,150.76,1040.71,2.91,-0.0945,32.2,29.55,867,2.84,14,M600,14,0
GW058555,-33.52,151.15,88,12.62,0.6724,79.36,77.8,1188,88.41,14,M600,1,0
GW015713,-33.41,151.02,52.61,4.16,-0.0403,47.38,43.47,949,82.63,14,M600,1,1.3
GW047169,-33.41,150.96,18,3.96,-0.1367,42.54,38.33,982,212.97,14,M600,1,3
GW038173,-33.53,150.88,63.82,3.68,-0.1371,40.51,36.4,897,57.04,14,M600,1,6
GW041041,-34.52,150.57,28,2.42,-0.1479,22.93,21.11,1443,75.41,14,M600,1,9.2
GW075410,-34.22,150.54,26,2.5,-0.2669,20.97,18.42,977,70.83,14,M600,1,17.5
GW037337,-33.22,151.21,28.36,4.34,-0.3389,35.04,30.67,1154,108.15,14,M600,1,19.8
GW044710,-34.62,150.16,18,1.29,0.2742,9.65,8.97,848,49.84,14,M600,1,19.8
GW047597,-33.38,151.29,34.03,3.63,-0.1015,54.46,51.19,1347,150.42,14,M600,1,26
GW042525,-33.31,151.19,19.5,3.73,-0.3478,43.99,39.93,1168,204.76,14,M600,1,27.4
GW053203,-33.24,151.22,15.6,4.07,-0.4031,38.62,34.35,1161,220.2,14,M600,1,28
GW053754,-34.69,150.15,12.41,1.31,0.2567,9.96,9.37,937,75.54,14,M600,1,28
GW051668,-34.15,150.51,581.78,2.41,-0.226,18.05,15.57,942,2.68,14,M600,1,30
GW047267,-33.39,151.27,30.14,4.17,-0.0364,56.44,53.37,1311,177.08,14,M600,1,30.5
GW047232,-33.35,151.28,21.98,3.44,-0.2134,51.42,47.73,1312,217.15,14,M600,1,31
GW015384,-34.42,150.32,25.03,1.72,0.0848,12.15,10.82,855,43.24,14,M600,1,32.3
GW015593,-34.43,150.31,20.7,1.71,0.0915,12.23,10.98,837,53.03,14,M600,1,32.3
GW057570,-33.33,151.25,19,3.53,-0.2187,49.55,45.8,1247,241.05,14,M600,1,33
GW060293,-33.68,151.25,52.83,7.46,0.3532,66.84,65.02,1406,123.08,14,M600,1,34
GW060319,-33.38,151.24,34.74,4.17,-0.0364,56.44,53.37,1277,153.63,14,M600,1,34
GW010460,-34.19,150.56,91.43,2.5,-0.2669,20.97,18.42,917,20.14,14,M600,1,36.5
GW055918,-34.32,150.58,295.68,2.56,-0.1972,24.78,22.36,1071,7.56,14,M600,1,38
GW042666,-33.22,151.21,21.27,4.34,-0.3389,35.04,30.67,1154,144.2,14,M600,1,38.1
GW018914,-34.42,150.32,95,1.72,0.0848,12.15,10.82,855,11.39,14,M600,1,39
GW010301,-34.17,150.52,38.82,2.41,-0.226,18.05,15.57,942,40.12,14,M600,1,39.6
GW050227,-33.47,150.89,180,3.85,-0.1757,39.96,35.63,959,19.79,14,M600,1,40
GW010496,-34.21,150.57,122.31,2.5,-0.2669,20.97,18.42,923,15.06,14,M600,1,40.6
GW051861,-33.68,151.25,51.05,7.46,0.3532,66.84,65.02,1406,127.37,14,M600,1,42
GW010968,-34.18,150.57,1435.03,2.5,-0.2669,20.97,18.42,917,1.28,14,M600,1,42.6
GW015549,-34.37,150.54,193.25,2.43,-0.2023,22.12,19.91,1073,10.3,14,M600,1,42.6
GW075177,-34.51,150.52,11,2.27,-0.1347,19.9,18.19,1321,165.32,14,M600,1,43
GW047643,-33.31,151.24,43.96,3.71,-0.4422,43.33,39.24,1228,89.27,14,M600,1,44
GW026094,-33.31,151.18,17.37,3.73,-0.3478,43.99,39.93,1168,229.87,14,M600,1,45.7
GW028703,-34.4,150.32,12.41,1.72,0.0848,12.15,10.82,855,87.22,14,M600,1,45.7
GW037336,-33.22,151.21,24.82,4.34,-0.3389,35.04,30.67,1154,123.57,14,M600,1,45.7
GW060350,-33.65,150.93,108,3.4,-0.1566,40.32,36.61,899,33.9,14,M600,1,45.7
GW048106,-33.24,151.23,51,3.94,-0.4588,40.92,36.68,1187,71.92,14,M600,1,46
GW052980,-33.49,150.9,400,3.79,-0.1335,40.88,36.66,947,9.16,14,M600,1,46
GW057737,-33.28,151.23,14.54,3.71,-0.4422,43.33,39.24,1212,269.91,14,M600,1,46
GW057995,-33.37,151.29,26.94,3.44,-0.2134,51.42,47.73,1342,177.17,14,M600,1,46
GW060147,-33.47,151.01,50,4.54,0.0396,50.64,46.93,960,93.86,14,M600,1,46
GW063622,-33.67,151.28,67,11.51,0.6839,78.97,71.16,1378,106.2,14,M600,1,46
GW047304,-33.5,150.55,93.95,3.14,-0.1579,18.58,14.74,1357,15.69,14,M600,1,46.5
GW010872,-34.49,150.32,47.44,1.69,0.1096,12.19,11.03,873,23.26,14,M600,1,46.6
GW053038,-33.34,151.28,18.08,3.44,-0.2134,51.42,47.73,1312,263.99,14,M600,1,47
GW046674,-33.35,151.2,31.91,3.74,-0.1267,50.45,46.73,1189,146.43,14,M600,1,47.2
GW011042,-34.24,150.72,1265.57,2.97,-0.0476,32.3,29.84,959,2.36,14,M600,1,47.3
GW060238,-34.22,150.55,122.31,2.5,-0.2669,20.97,18.42,923,15.06,14,M600,1,48
GW042562,-33.23,151.23,30.14,3.94,-0.4588,40.92,36.68,1187,121.7,14,M600,1,48.1
GW015789,-34.37,150.54,119.9,2.43,-0.2023,22.12,19.91,1073,16.61,14,M600,1,48.7
GW037748,-34.64,150.54,10.99,2.5,-0.1594,24.2,22.77,1511,207.18,14,M600,1,48.7
GW043154,-34.21,150.56,15.95,2.5,-0.2669,20.97,18.42,923,115.47,14,M600,1,48.7
GW056583,-34.65,150.48,20,2.31,-0.1275,21.35,19.96,1391,99.81,14,M600,1,49.4
GW042909,-33.26,151.22,20.21,4.07,-0.4031,38.62,34.35,1169,169.97,14,M600,1,50
GW047649,-33.23,151.23,20.21,3.94,-0.4588,40.92,36.68,1187,181.5,14,M600,1,50
GW053374,-33.32,151.17,23.75,3.82,-0.2617,44.19,40.12,1138,168.92,14,M600,1,50
GW060205,-34.2,150.56,282.1,2.5,-0.2669,20.97,18.42,923,6.53,14,M600,1,50
GW100030,-33.34,151.16,20,3.99,-0.0653,50.85,47.11,1148,235.53,14,M600,1,50
GW059311,-34.2,150.54,53.53,2.5,-0.2669,20.97,18.42,977,34.4,14,M600,1,51.8
GW011234,-34.23,150.57,257.03,2.48,-0.2497,21.5,19.05,936,7.41,14,M600,1,52.4
GW053704,-33.23,151.17,18.44,4.08,-0.3463,38.72,34.44,1112,186.79,14,M600,1,53
GW048465,-33.33,151.22,30,3.74,-0.1267,50.45,46.73,1216,155.75,14,M600,1,53.4
GW046873,-33.37,151.23,23.04,3.53,-0.2187,49.55,45.8,1263,198.78,14,M600,1,54
GW053190,-34.41,150.34,17.37,1.88,0.0152,13.46,11.97,875,68.93,14,M600,1,54
GW046764,-33.31,151.2,24.11,3.73,-0.3478,43.99,39.93,1196,165.61,14,M600,1,55
GW053407,-33.35,151.29,29.07,3.44,-0.2134,51.42,47.73,1342,164.18,14,M600,1,55
GW037285,-34.4,150.48,65.59,2.29,-0.1632,19.25,17.31,991,26.39,14,M600,1,57.9
GW071881,-33.24,151.24,16,3.94,-0.4588,40.92,36.68,1187,229.26,14,M600,1,60
GW075016,-33.3,151.19,29.2,3.73,-0.3478,43.99,39.93,1154,136.74,14,M600,1,60
GW080163,-33.23,151.2,17,4.07,-0.4031,38.62,34.35,1161,202.07,14,M600,1,60
GW080165,-33.4,151.26,36,4.17,-0.0364,56.44,53.37,1311,148.25,14,M600,1,60
GW080167,-33.39,151.22,27,4.76,0.022,57.93,54.92,1252,203.4,14,M600,1,60
GW046763,-33.31,151.2,17.02,3.73,-0.3478,43.99,39.93,1168,234.6,14,M600,1,60.4
GW011200,-34.22,150.56,198.54,2.5,-0.2669,20.97,18.42,923,9.28,14,M600,1,60.9
GW037739,-33.52,150.75,264.12,3.65,-0.3565,28.38,23.92,975,9.06,14,M600,1,60.9
GW047671,-33.3,151.21,19.85,3.73,-0.3478,43.99,39.93,1178,201.15,14,M600,1,61
GW050271,-33.51,150.77,165,3.65,-0.3565,28.38,23.92,975,14.5,14,M600,1,61
GW060228,-34.44,150.4,34.39,2.01,-0.0471,15.24,13.68,909,39.79,14,M600,1,61
GW061360,-33.5,150.87,100,3.7,-0.2774,36.04,31.65,952,31.65,14,M600,1,61
GW037421,-34.67,150.23,14.18,1.59,0.1349,11.89,11.02,1026,77.68,14,M600,1,61.5
GW053607,-33.38,151.28,22.34,3.63,-0.1015,54.46,51.19,1347,229.13,14,M600,1,62
GW018568,-34.22,150.56,210.95,2.5,-0.2669,20.97,18.42,923,8.73,14,M600,1,63.3
GW010459,-34.19,150.55,225.16,2.5,-0.2669,20.97,18.42,917,8.18,14,M600,1,64
GW008537,-34.22,150.59,395.97,2.59,-0.2614,23.7,21.04,878,5.31,14,M600,1,65.5
GW047866,-33.53,150.93,147.84,4.03,0.0233,46.26,42.43,911,28.7,14,M600,1,66
GW053530,-34.58,150.15,23.04,1.29,0.2742,9.65,8.97,816,38.94,14,M600,1,66
GW047779,-33.68,151.25,60,7.46,0.3532,66.84,65.02,1406,108.37,14,M600,1,67
GW047157,-34.53,150.26,11.35,1.54,0.1813,11.12,10.18,912,89.71,14,M600,1,67.1
GW052930,-33.32,151.24,23.4,3.71,-0.4422,43.33,39.24,1228,167.71,14,M600,1,69
GW075412,-34.61,150.44,11,2.11,-0.0614,17.54,16.18,1239,147.07,14,M600,1,70.4
GW029143,-34.22,150.56,40.77,2.5,-0.2669,20.97,18.42,923,45.17,14,M600,1,73.1
GW037747,-34.32,150.57,70.91,2.45,-0.2254,21.67,19.35,1054,27.29,14,M600,1,73.1
GW047114,-33.33,151.19,30.14,3.74,-0.1267,50.45,46.73,1189,155.03,14,M600,1,73.2
GW053290,-33.23,151.24,20.92,3.94,-0.4588,40.92,36.68,1187,175.34,14,M600,1,76
GW034518,-34.23,150.56,331.49,2.48,-0.2497,21.5,19.05,936,5.75,14,M600,1,76.2
GW037822,-33.3,151.2,205.63,3.73,-0.3478,43.99,39.93,1196,19.42,14,M600,1,76.2
GW016553,-34.35,150.55,182.9,2.43,-0.2023,22.12,19.91,1073,10.89,14,M600,1,77.7
GW047392,-34.5,150.29,23.75,1.69,0.1096,12.19,11.03,854,46.46,14,M600,1,78
GW100006,-33.45,150.62,251.77,3.39,-0.1937,20.65,16.47,1335,6.54,14,M600,1,85.4
GW053125,-33.08,151.14,180.1,4.62,-0.0875,28.6,24.2,1026,13.44,14,M600,1,86
GW057840,-33.11,151.15,51.05,4.62,-0.0875,28.6,24.2,1017,47.4,14,M600,1,88
GW028697,-34.65,150.44,14.18,2.15,-0.0913,18.84,17.53,1386,123.6,14,M600,1,88.4
GW057829,-34.26,150.72,350.28,2.97,-0.0476,32.3,29.84,1012,8.52,14,M600,1,90
GW047759,-33.33,151.17,47.15,3.99,-0.0653,50.85,47.11,1148,99.91,14,M600,1,91
GW053017,-33.28,151.21,17.02,3.73,-0.3478,43.99,39.93,1178,234.6,14,M600,1,91
GW053111,-33.51,150.71,246.4,3.58,-0.3248,25.35,20.98,1066,8.51,14,M600,1,91.5
GW053331,-34.52,150.29,93.95,1.69,0.1096,12.19,11.03,892,11.75,14,M600,1,92
GW037894,-33.3,151.19,24.82,3.73,-0.3478,43.99,39.93,1168,160.87,14,M600,1,94.4
GW037932,-34.21,150.53,91.89,2.5,-0.2669,20.97,18.42,977,20.04,14,M600,1,95
GW055337,-31.21,150.08,246.5,0.53,-0.0268,5.98,6.1,650,2.48,11,M700,2,30.5
GW003568,-31.17,150.16,2254,0.53,-0.1143,5.95,6.14,692,0.27,11,M700,2,31.1
GW013570,-31.3,150.15,137.1,0.57,-0.1509,6.17,6.22,662,4.53,11,M700,2,31.4
GW017070,-31.27,150.25,1219,0.59,-0.2845,6.19,6.33,648,0.52,11,M700,2,31.4
GW038808,-31.42,150.38,73.3,0.71,-0.3503,6.67,6.65,635,9.08,11,M700,2,34.1
GW013450,-31.3,150.14,23.9,0.57,-0.1509,6.17,6.22,653,26.01,11,M700,2,36.6
GW032318,-31.38,150.27,719.8,0.64,-0.2746,6.46,6.42,643,0.89,11,M700,2,39.6
GW021022,-32.25,148.61,271,0.42,1.6817,5.34,5.14,589,1.9,11,M700,2,45.1
GW009977,-31.16,150.19,1599,0.55,-0.1998,5.99,6.21,671,0.39,11,M700,2,69.2
GW047945,-33.72,150.34,11.88,1.99,0.1587,11.63,9.42,1416,79.36,11,M700,2,41
GW040963,-32.38,150.44,98.5,1.45,0.5149,8.91,7.48,617,7.59,11,M700,2,21.5
GW025413,-32.28,148.62,18.15,0.38,1.7796,5.22,5.11,596,28.14,11,M700,12,0
GW271010,-33.33,151.32,32,3.44,-0.2134,51.42,47.73,1336,149.15,11,M700,2,18
GW042803,-32.26,148.61,87.53,0.42,1.6817,5.34,5.14,593,5.87,11,M700,2,47.2
GW047993,-33.03,151.42,33.15,3.99,-0.5613,45.26,40.68,1083,122.71,11,M700,2,27
GW042923,-33.25,151.24,21.09,3.94,-0.4588,40.92,36.68,1206,173.88,11,M700,2,64
GW038293,-32.13,150.67,404.95,1.51,0.5383,9.21,7.83,646,1.93,11,M700,2,18.2
GW047040,-33.42,151.39,259.95,6.52,0.2744,69.93,67.31,1414,25.89,11,M700,2,61
GW042838,-33.41,151.33,231.86,4.61,0.0486,61.71,58.74,1374,25.33,11,M700,4,29
GW047061,-33.19,151.55,60.75,7.08,0.3601,76.67,73.63,1228,121.2,11,M700,3,7.3
GW053153,-33,151.16,177.53,4.65,0.0405,26.29,21.84,928,12.3,11,M700,2,9.7
GW021498,-32.28,148.62,25.52,0.38,1.7796,5.22,5.11,596,20,11,M700,7,74.7
GW042628,-30.31,149.98,83.64,0.38,2.1593,5.95,6.06,705,7.24,11,M700,3,42.6
GW008436,-32.27,148.61,63.65,0.42,1.6817,5.34,5.14,593,8.07,11,M700,12,43.3
GW042706,-32.27,148.61,76.63,0.42,1.6817,5.34,5.14,593,6.71,11,M700,8,45.7
GW030421,-31.57,150.68,75.28,0.97,-0.1133,7.54,7.33,665,9.74,11,M700,28,0
GW079056,-32.93,151.15,210,4.63,0.0866,25.59,21.1,854,10.05,11,M700,3,17
GW025414,-32.28,148.63,36.92,0.39,1.7417,5.27,5.14,595,13.91,11,M700,11,0
GW021407,-32.25,148.61,130.47,0.42,1.6817,5.34,5.14,589,3.94,11,M700,2,67.1
GW035786,-33.47,151.41,246.64,7.82,0.4183,73.46,71.19,1335,28.87,11,M700,3,18.2
GW080946,-32.26,150.63,600,1.65,0.5933,9.61,8.02,637,1.34,11,M700,3,19.46
GW037833,-32.69,150.97,169.89,3.53,0.5958,16.37,12.74,683,7.5,11,M700,2,11.8
GW034950,-33.11,151.47,1273.36,3.48,-0.4755,52.86,48.56,1201,3.81,11,M700,3,76.2
GW008701,-31.04,150.12,1592.1,0.5,0.0285,5.79,6.03,739,0.38,11,M700,2,18.5
GW053712,-32.26,150.32,214.29,1.06,0.2748,7.8,6.88,580,3.21,11,M700,2,82
GW057970,-32.26,150.45,1050.44,1.27,0.3579,8.45,7.27,649,0.69,11,M700,2,38
GW080948,-32.25,150.62,1700,1.55,0.5357,9.28,7.8,683,0.46,11,M700,3,41
GW080944,-32.22,150.67,3450,1.58,0.5684,9.41,7.93,634,0.23,11,M700,2,30
GW008695,-31.05,150.1,686.64,0.5,0.0285,5.79,6.03,766,0.88,11,M700,2,53
GW040960,-32.33,150.63,1780,1.8,0.6281,10.03,8.23,634,0.46,11,M700,5,14
GW080380,-32.17,150.58,1000,1.41,0.4732,8.92,7.65,771,0.76,11,M700,1,0
GW096130,-32.22,149.01,1700,0.46,1.4539,5.6,5.33,636,0.31,11,M700,1,0
GW096132,-32.29,148.99,2500,0.46,1.4194,5.63,5.37,666,0.21,11,M700,1,0
GW045014,-31.06,150.13,404.16,0.51,-0.0788,5.82,6.09,714,1.51,11,M700,1,0.9
GW042215,-32.26,148.57,21.37,0.41,1.7261,5.3,5.11,615,23.9,11,M700,1,2.7
GW037736,-33.28,151.41,98.91,4.22,-0.0412,61.68,58.27,1361,58.91,11,M700,1,3
GW026452,-33.53,151.37,411.93,10.87,0.6658,79.32,73.99,1284,17.96,11,M700,1,5.1
GW053617,-32.03,150.71,205.98,1.49,0.5311,9.21,7.91,716,3.84,11,M700,1,6.4
GW080924,-32.21,150.49,160,1.3,0.3828,8.55,7.37,580,4.6,11,M700,1,6.87
GW007589,-33.4,151.36,91.43,4.61,0.0486,61.71,58.74,1373,64.24,11,M700,1,7
GW078830,-32.81,151.08,200,4.32,0.3148,21.64,17.29,733,8.64,11,M700,1,7
GW080925,-32.81,151.19,200,4.6,0.1246,25.32,20.75,949,10.37,11,M700,1,7.1
GW053760,-32.03,150.69,93.24,1.49,0.5311,9.21,7.91,682,8.49,11,M700,1,7.3
GW047948,-33.25,151.4,79.41,3.6,-0.1744,57.45,53.66,1293,67.58,11,M700,1,8
GW043633,-31.33,149.4,301.35,0.68,2.4642,5.74,5.36,712,1.78,11,M700,1,8.2
GW037317,-32.29,150.54,1909.64,1.51,0.5032,9.15,7.69,614,0.4,11,M700,1,9.4
GW037783,-31.53,150.64,102.81,0.93,-0.1598,7.41,7.22,637,7.02,11,M700,1,11.8
GW042216,-32.28,148.6,46.51,0.38,1.7796,5.22,5.11,609,10.98,11,M700,1,11.9
GW023771,-31.87,149.33,862,0.48,1.4601,5.65,5.41,652,0.63,11,M700,1,12.2
GW045043,-31.01,150.1,1350.76,0.49,0.0486,5.73,6.01,671,0.44,11,M700,1,12.2
GW017420,-32.37,150.46,142,1.39,0.4847,8.76,7.41,608,5.22,11,M700,1,12.8
GW035572,-31.56,150.67,561.93,0.93,-0.1598,7.41,7.22,775,1.28,11,M700,1,13.7
GW008983,-31.39,149.62,2467,0.53,1.617,5.83,5.59,762,0.23,11,M700,1,15.2
GW037917,-32.31,150.64,519.92,1.73,0.6132,9.81,8.12,637,1.56,11,M700,1,16.4
GW047000,-32.23,148.62,434.3,0.42,1.6817,5.34,5.14,589,1.18,11,M700,1,17.2
GW034860,-31.48,150.59,113.49,0.86,-0.2542,7.14,7.06,629,6.22,11,M700,1,17.9
GW056013,-33.24,151.25,15.95,3.94,-0.4588,40.92,36.68,1213,229.97,11,M700,1,18
GW042789,-30.31,149.99,182.58,0.38,2.1593,5.95,6.06,705,3.32,11,M700,1,18.2
GW043933,-33.41,151.04,104.98,4.59,0.0139,52.26,48.69,1016,46.38,11,M700,1,18.2
GW042218,-32.27,148.63,103.07,0.42,1.6401,5.39,5.17,604,5.02,11,M700,1,18.3
GW040461,-32.27,148.61,749.83,0.42,1.6817,5.34,5.14,593,0.69,11,M700,1,18.6
GW058743,-32.55,150.69,80,2.31,0.73,11.49,9.09,868,11.36,11,M700,1,18.9
GW080950,-32.38,150.46,530,1.45,0.5149,8.91,7.48,610,1.41,11,M700,1,20
GW013915,-32.4,148.74,52.12,0.41,1.6793,5.39,5.23,606,10.04,11,M700,1,20.1
GW053102,-32.89,151.19,255.26,4.69,0.0088,27.37,22.83,823,8.94,11,M700,1,21
GW021405,-30.33,149.83,15.99,0.38,2.175,5.75,5.82,652,36.39,11,M700,1,21.3
GW042221,-32.28,148.62,266.46,0.38,1.7796,5.22,5.11,596,1.92,11,M700,1,21.3
GW047659,-33.43,151.4,116.99,7.82,0.4183,73.46,71.19,1376,60.85,11,M700,1,22
GW015424,-30.31,149.94,293.94,0.38,2.2209,5.9,5.99,688,2.04,11,M700,1,22.8
GW018661,-30.32,149.96,53.99,0.38,2.2209,5.9,5.99,701,11.09,11,M700,1,22.8
GW080965,-32.7,151.01,2100,3.73,0.5457,17.47,13.65,665,0.65,11,M700,1,23
GW058046,-32.24,150.45,1700,1.27,0.3579,8.45,7.27,612,0.43,11,M700,1,24
GW080943,-32.14,150.67,570,1.51,0.5383,9.21,7.83,646,1.37,11,M700,1,24
GW012709,-33.39,151.36,70.73,4.61,0.0486,61.71,58.74,1373,83.04,11,M700,1,24.3
GW063952,-32.16,150.62,170,1.41,0.4732,8.92,7.65,771,4.5,11,M700,1,24.4
GW009070,-31.06,150.1,372.26,0.5,0.0285,5.79,6.03,737,1.62,11,M700,1,26.5
GW060976,-30.54,149.89,5285,0.39,1.2932,5.55,5.78,674,0.11,11,M700,1,26.5
GW059320,-33.41,151.03,395.66,4.59,0.0139,52.26,48.69,1016,12.31,11,M700,1,30
GW271017,-32.18,150.49,220,1.3,0.3828,8.55,7.37,607,3.35,11,M700,1,30
GW004957,-30.2,149.93,75.98,0.39,2.4352,6.02,6.04,721,7.94,11,M700,1,30.4
GW020539,-30.25,149.98,133.98,0.38,2.3291,6.01,6.08,806,4.54,11,M700,1,30.4
GW034374,-30.39,149.93,166.8,0.38,1.8388,5.78,5.93,660,3.56,11,M700,1,30.4
GW037483,-33.38,151.38,145.36,6.52,0.2744,69.93,67.31,1384,46.31,11,M700,1,30.4
GW049143,-31.54,150.64,3447.51,0.93,-0.1598,7.41,7.22,637,0.21,11,M700,1,30.4
GW009882,-31.01,149.76,100.5,0.45,1.5398,5.6,5.61,679,5.58,11,M700,1,32
GW059453,-33.41,151.41,105,6.52,0.2744,69.93,67.31,1407,64.11,11,M700,1,32
GW005720,-30.25,150.01,148.97,0.38,2.3291,6.01,6.08,887,4.08,11,M700,1,32.6
GW061317,-32.25,150.01,470,0.81,0.268,6.92,6.28,611,1.34,11,M700,1,32.6
GW013858,-30.67,149.87,694.88,0.39,1.1038,5.43,5.67,687,0.82,11,M700,1,33.5
GW042625,-30.31,149.98,81.9,0.38,2.1593,5.95,6.06,705,7.4,11,M700,1,34.1
GW079745,-32.18,149.79,77,0.7,0.1978,6.7,6.02,636,7.81,11,M700,1,34.3
GW080949,-32.18,150.57,1000,1.39,0.4446,8.82,7.54,740,0.75,11,M700,1,35
GW047967,-33.39,151.45,3870.05,9.08,0.5474,78.44,76.16,1390,1.97,11,M700,1,36
GW048250,-31.42,150.41,201.5,0.71,-0.3503,6.67,6.65,637,3.3,11,M700,1,36.4
GW012081,-32.24,148.61,133.3,0.42,1.6817,5.34,5.14,589,3.86,11,M700,1,37.8
GW047465,-33.05,151.4,355.95,3.99,-0.5613,45.26,40.68,1138,11.43,11,M700,1,38
GW053527,-32.22,150.33,71.26,1.08,0.2141,7.88,6.94,577,9.74,11,M700,1,38.1
GW047969,-32.26,148.6,28.72,0.42,1.6817,5.34,5.14,593,17.89,11,M700,1,38.5
GW012445,-31.59,150.59,675.53,0.92,-0.1359,7.44,7.16,696,1.06,11,M700,1,39.6
GW035641,-31.05,149.96,209.17,0.46,0.4828,5.7,5.85,642,2.8,11,M700,1,39.6
GW017253,-33.48,151.39,412.46,9.16,0.5454,76.72,74.78,1311,18.13,11,M700,1,40.5
GW073036,-32.88,151.2,160,4.69,0.0088,27.37,22.83,823,14.27,11,M700,1,42.5
GW015287,-33.1,151.41,2742.5,3.78,-0.5614,47.19,42.82,1207,1.56,11,M700,1,44.1
GW054081,-30.16,149.96,220,0.4,2.4672,6.08,6.06,731,2.76,11,M700,1,44.2
GW019004,-30.73,149.97,3213.39,0.41,0.6132,5.48,5.79,627,0.18,11,M700,1,45.1
GW042516,-30.34,149.93,2907.15,0.38,2.0458,5.84,5.96,743,0.21,11,M700,1,45.7
GW047383,-33.41,151.41,280,6.52,0.2744,69.93,67.31,1407,24.04,11,M700,1,45.8
GW048141,-33.42,151.42,205,6.52,0.2744,69.93,67.31,1407,32.84,11,M700,1,45.8
GW049206,-33.39,151.39,220,6.52,0.2744,69.93,67.31,1384,30.6,11,M700,1,45.8
GW042707,-32.29,148.64,70.91,0.39,1.7417,5.27,5.14,595,7.24,11,M700,1,46.6
GW054805,-31.03,150.05,980,0.48,0.1576,5.76,5.97,728,0.61,11,M700,1,47
GW009040,-31.1,150.05,186,0.49,0.1374,5.82,5.99,654,3.22,11,M700,1,47.5
GW021295,-32.25,148.61,175.14,0.42,1.6817,5.34,5.14,589,2.93,11,M700,1,48.1
GW043951,-33.47,151.11,124.09,7.21,0.2438,64.15,61.43,1093,49.5,11,M700,1,48.7
GW054070,-32.96,150.68,49.63,3.4,0.4526,16.11,12.34,794,24.86,11,M700,1,49
GW058247,-33.59,150.25,16,1.84,0.161,10.89,8.74,983,54.64,11,M700,1,50
GW045082,-33.37,151.44,599.9,7.2,0.3549,73.6,70.87,1390,11.81,11,M700,1,50.3
GW051949,-33.72,150.31,15,1.82,0.2045,10.84,8.85,1389,58.98,11,M700,1,51
GW018662,-30.33,149.97,680.87,0.38,2.0458,5.84,5.96,748,0.88,11,M700,1,53
GW051305,-33.41,151.43,248.88,9.08,0.5474,78.44,76.16,1388,30.6,11,M700,1,53
GW053438,-33.07,151.49,319.08,3.49,-0.3383,58.02,53.59,1125,16.8,11,M700,1,53
GW008810,-31,150.1,1893.19,0.49,0.0486,5.73,6.01,671,0.32,11,M700,1,53.3
GW047711,-33.42,151.42,51.41,6.52,0.2744,69.93,67.31,1407,130.94,11,M700,1,54
GW045090,-33.25,151.29,18.44,3.64,-0.4543,45.92,41.79,1257,226.64,11,M700,1,54.9
GW042802,-32.26,148.6,58.5,0.42,1.6817,5.34,5.14,593,8.78,11,M700,1,55.2
GW001142,-32.2,149.22,540.8,0.49,1.2421,5.72,5.44,663,1.01,11,M700,1,56.3
GW007890,-31.08,149.98,31.9,0.48,0.2877,5.79,5.93,647,18.6,11,M700,1,57.9
GW025415,-32.28,148.62,26.59,0.38,1.7796,5.22,5.11,596,19.2,11,M700,1,59.2
GW057050,-32.24,150.41,240,1.19,0.3018,8.21,7.12,657,2.97,11,M700,1,61
GW058507,-32.52,150.67,230,2.07,0.7076,10.75,8.61,728,3.74,11,M700,1,61
GW061293,-32.24,150.32,482,1.06,0.2748,7.8,6.88,581,1.43,11,M700,1,63.1
GW000756,-30.39,149.95,95.97,0.38,1.8388,5.78,5.93,660,6.18,11,M700,1,64
GW005711,-30.31,149.83,73.99,0.39,2.2807,5.81,5.85,665,7.9,11,M700,1,64
GW011329,-30.21,149.96,44,0.39,2.4352,6.02,6.04,751,13.72,11,M700,1,64
GW061136,-32.03,150.6,57,1.3,0.3906,8.62,7.52,736,13.2,11,M700,1,64
GW047184,-33.41,151.32,354.88,3.63,-0.1015,54.46,51.19,1370,14.42,11,M700,1,65
GW080942,-32.04,150.6,75,1.3,0.3906,8.62,7.52,736,10.03,11,M700,1,65
GW080922,-32.18,150.49,95,1.3,0.3828,8.55,7.37,607,7.76,11,M700,1,66
GW005094,-30.6,149.9,134.97,0.39,1.0748,5.49,5.75,683,4.26,11,M700,1,67
GW050007,-33.4,151.45,1610,9.08,0.5474,78.44,76.16,1340,4.73,11,M700,1,68.6
GW034236,-32.26,148.61,138.27,0.42,1.6817,5.34,5.14,593,3.72,11,M700,1,70.1
GW052812,-31.57,150.59,2017.73,0.89,-0.1986,7.29,7.11,641,0.35,11,M700,1,73.1
GW059645,-31.57,150.59,2200,0.89,-0.1986,7.29,7.11,641,0.32,11,M700,1,73.1
GW010468,-31.8,149.32,918,0.5,1.5838,5.7,5.39,685,0.59,11,M700,1,76.2
GW003600,-31.03,150.1,46.09,0.5,0.0285,5.79,6.03,733,13.09,11,M700,1,82.3
GW054418,-33.36,151.36,1080,3.77,-0.0828,57.31,53.87,1402,4.99,11,M700,1,84
GW013704,-30.76,149.93,892.81,0.41,0.6132,5.48,5.79,635,0.65,11,M700,1,85.3
GW001182,-30.87,149.85,138.98,0.42,1.0246,5.54,5.72,680,4.11,11,M700,1,90.5
GW038148,-32.11,149.09,521.16,0.48,1.4482,5.58,5.32,602,1.02,11,M700,1,91.4
GW053778,-32.17,149.85,84.63,0.7,0.1489,6.68,6.03,640,7.13,11,M700,1,93
GW273256,-33.73,150.45,47,2.22,0.1242,12.73,10.42,1357,22.16,11,M700,1,0
GW078007,-32.06,150.87,1300,1.82,0.731,10.27,8.65,643,0.67,12,P000,2,7
GW053823,-32.02,150.83,46.58,1.73,0.7024,10.03,8.53,654,18.32,12,P000,2,9.1
GW273118,-32.65,151.02,110,3.6,0.5903,16.83,13.12,901,11.93,12,P000,2,11.5
GW011965,-31.98,150.86,110,1.73,0.7024,10.03,8.53,655,7.76,12,P000,2,11.6
GW056554,-31.39,150.48,713,0.77,-0.3532,6.82,6.82,630,0.96,12,P000,2,22.9
GW057326,-32.24,149.77,43.78,0.7,0.2442,6.7,6,641,13.7,12,P000,2,72.5
GW273102,-32.02,150.83,51,1.73,0.7024,10.03,8.53,654,16.73,12,P000,2,11
GW080069,-31.97,150.86,86,1.7,0.6829,9.96,8.55,661,9.94,12,P000,2,17
GW059038,-32.24,149.77,44.67,0.7,0.2442,6.7,6,641,13.43,12,P000,2,73
GW273105,-32.56,150.36,35.5,1.52,0.4697,9.15,7.49,712,21.11,12,P000,2,11
GW273106,-32.55,150.35,32.5,1.52,0.4697,9.15,7.49,663,23.06,12,P000,2,11.5
GW008184,-31.98,150.82,42.66,1.62,0.6327,9.68,8.28,662,19.42,12,P000,3,15.2
GW042879,-31.96,150.82,49.25,1.6,0.6162,9.63,8.32,769,16.88,12,P000,2,6.1
GW037281,-32.62,150.08,64.34,1.26,0.3302,8.3,6.9,699,10.73,12,P000,2,15.2
GW008312,-32.5,150.69,68.3,2.21,0.7311,11.22,8.93,642,13.07,12,P000,3,16.8
GW008187,-31.95,150.81,239.94,1.6,0.6162,9.63,8.32,769,3.47,12,P000,2,67.1
GW008183,-32.06,150.8,783.82,1.7,0.6675,9.89,8.38,724,1.07,12,P000,2,46.6
GW037914,-32.25,150.74,305.86,1.88,0.699,10.34,8.52,647,2.78,12,P000,2,9.7
GW080414,-32.53,149.99,725,1.08,0.2845,7.78,6.62,690,0.91,12,P000,2,8
GW080072,-32,150.86,115,1.73,0.7024,10.03,8.53,650,7.42,12,P000,2,18
GW037941,-31.76,150.83,35.63,1.37,0.4355,8.92,8.1,862,22.74,12,P000,2,6.4
GW059034,-32.24,149.77,80.95,0.7,0.2442,6.7,6,641,7.41,12,P000,3,72
GW047877,-32.26,150.69,1575.18,1.76,0.6481,9.96,8.26,627,0.52,12,P000,2,32.9
GW273100,-32.34,149.95,410,0.86,0.2771,7.09,6.32,630,1.54,12,P000,2,5.5
GW053172,-33,151.67,1685.78,6.37,0.1931,77.71,73.27,1132,4.35,12,P000,2,17.4
GW047870,-32.22,151.94,1834.69,6.66,0.1707,32.28,26.51,1102,1.44,12,P000,2,30
GW037365,-32.11,150.85,172.02,1.9,0.7529,10.51,8.76,670,5.09,12,P000,2,9.5
GW053072,-32.99,151.69,741.73,8.3,0.4672,84.76,80.37,1138,10.84,12,P000,2,23
GW059998,-31.27,150.46,724.33,0.68,-0.4085,6.39,6.62,635,0.91,12,P000,3,25.9
GW079760,-32.12,151.94,330.8,6.59,0.2419,31.42,25.82,1059,7.8,12,P000,5,16.79
GW080415,-32.54,150,475,1.08,0.2845,7.78,6.62,690,1.39,12,P000,2,8.5
GW019080,-32.01,150.86,121.53,1.73,0.7024,10.03,8.53,650,7.02,12,P000,5,10.5
GW079607,-32.12,151.96,3299.86,6.59,0.2419,31.42,25.82,1061,0.78,12,P000,7,3.13
GW058582,-32.27,150.71,1772.5,1.76,0.6481,9.96,8.26,637,0.47,12,P000,2,45
GW008199,-32.08,150.81,585.37,1.77,0.6958,10.1,8.47,741,1.45,12,P000,3,54.3
GW059035,-32.24,149.77,211.3,0.7,0.2442,6.7,6,641,2.84,12,P000,2,79.8
GW030740,-32.54,151.05,337.51,3.51,0.5961,16.61,13.09,647,3.88,12,P000,2,16.3
GW273101,-32.36,149.95,540,0.86,0.2771,7.09,6.32,691,1.17,12,P000,2,11.5
GW080126,-32.12,151.96,1334.67,6.59,0.2419,31.42,25.82,1061,1.93,12,P000,6,12.8
GW008217,-32.1,150.81,692.87,1.77,0.6958,10.1,8.47,735,1.22,12,P000,3,68.3
GW008273,-32.47,150.67,340.67,1.98,0.7002,10.5,8.47,660,2.49,12,P000,3,13.7
GW079048,-32.14,151.96,5025.83,6.6,0.2258,31.32,25.7,1074,0.51,12,P000,6,5.97
GW032512,-32.35,150.82,1503.65,2.2,0.7469,11.32,9.11,755,0.61,12,P000,4,33.5
GW079762,-32.12,151.94,866.78,6.59,0.2419,31.42,25.82,1059,2.98,12,P000,9,18.09
GW079045,-32.13,151.95,2036,6.6,0.2258,31.32,25.7,1061,1.26,12,P000,6,16.42
GW079609,-32.12,151.96,2619.86,6.59,0.2419,31.42,25.82,1061,0.99,12,P000,7,1.92
GW079761,-32.14,151.94,2569.2,6.6,0.2258,31.32,25.7,1147,1,12,P000,5,13.39
GW040959,-32.43,150.67,1500,1.98,0.7002,10.5,8.47,653,0.56,12,P000,2,14.5
GW079050,-32.14,151.96,3024.83,6.6,0.2258,31.32,25.7,1074,0.85,12,P000,6,8.28
GW057949,-32.33,150.71,779.11,1.93,0.6734,10.43,8.49,625,1.09,12,P000,2,13.8
GW079046,-32.13,151.95,564.41,6.6,0.2258,31.32,25.7,1147,4.55,12,P000,6,17.03
GW079608,-32.12,151.96,1370,6.59,0.2419,31.42,25.82,1061,1.88,12,P000,7,3.98
GW008338,-32.51,150.68,927.77,2.21,0.7311,11.22,8.93,679,0.96,12,P000,2,13.5
GW079049,-32.14,151.96,1375,6.6,0.2258,31.32,25.7,1074,1.87,12,P000,6,0
GW031859,-32.38,150.82,1606.03,2.3,0.7409,11.63,9.29,742,0.58,12,P000,2,61
GW008140,-32.06,150.79,1559.87,1.7,0.6675,9.89,8.38,867,0.54,12,P000,2,47.7
GW008203,-32,150.84,10034.08,1.73,0.7024,10.03,8.53,654,0.09,12,P000,3,61
GW078225,-32.35,149.95,330,0.86,0.2771,7.09,6.32,640,1.91,12,P000,1,0
GW078999,-32.16,150.83,230,1.98,0.769,10.73,8.87,662,3.86,12,P000,1,0
GW080952,-32.57,151.03,250,3.51,0.5961,16.61,13.09,638,5.24,12,P000,1,1.59
GW079793,-32.41,151.06,94,3.12,0.7138,14.92,11.83,656,12.59,12,P000,1,2.82
GW063717,-32.39,149.8,45,0.79,0.3051,6.87,6.15,689,13.67,12,P000,1,3.4
GW078212,-32.35,149.95,290,0.86,0.2771,7.09,6.32,640,2.18,12,P000,1,3.45
GW080404,-32.35,149.89,360,0.82,0.279,6.98,6.24,671,1.73,12,P000,1,3.5
GW080405,-32.34,149.88,1100,0.82,0.279,6.98,6.24,671,0.57,12,P000,1,3.5
GW080131,-32.55,150.33,190,1.52,0.4697,9.15,7.49,753,3.94,12,P000,1,3.8
GW053564,-33.06,151.65,307.38,9.17,0.5589,85.61,81.78,1144,26.6,12,P000,1,4
GW053565,-33.06,151.65,305.96,9.17,0.5589,85.61,81.78,1144,26.73,12,P000,1,4
GW021628,-32.54,150.45,55,1.68,0.5687,9.56,7.78,665,14.15,12,P000,1,4.3
GW024499,-32.5,150.69,120,2.21,0.7311,11.22,8.93,642,7.44,12,P000,1,4.3
GW080408,-32.31,149.86,840,0.76,0.295,6.77,6.13,639,0.73,12,P000,1,4.5
GW080410,-32.32,149.87,480,0.76,0.295,6.77,6.13,639,1.28,12,P000,1,5
GW080411,-32.33,149.87,1100,0.79,0.2909,6.88,6.18,682,0.56,12,P000,1,5
GW080130,-32.58,150.37,370,1.62,0.4726,9.45,7.63,751,2.06,12,P000,1,5.15
GW047309,-32.75,151.86,90.41,4.97,-0.1142,76.44,69.84,1149,77.24,12,P000,1,5.5
GW035922,-32.54,150.12,31.91,1.2,0.3354,8.12,6.82,696,21.39,12,P000,1,5.6
GW057988,-31.79,150.94,52,1.62,0.6717,9.72,8.63,862,16.59,12,P000,1,5.6
GW053390,-32.01,151.94,241.43,6.47,0.3076,30.72,25.36,1310,10.5,12,P000,1,6
GW053440,-32.36,150.11,310.57,0.95,0.2266,7.52,6.61,602,2.13,12,P000,1,6
GW078445,-31.93,150.8,12,1.6,0.6162,9.63,8.32,885,69.3,12,P000,1,6
GW060330,-32.59,150.99,96.79,3.43,0.595,16.14,12.7,658,13.12,12,P000,1,6.2
GW044715,-32.68,151.02,64,3.73,0.5457,17.47,13.65,665,21.32,12,P000,1,6.55
GW080940,-32.36,149.98,2200,0.9,0.2847,7.2,6.39,649,0.29,12,P000,1,7
GW018498,-32.44,149.98,96,0.99,0.2893,7.49,6.5,686,6.77,12,P000,1,7.3
GW042667,-32.39,150.13,208.11,1.05,0.2659,7.81,6.76,614,3.25,12,P000,1,7.3
GW047342,-32.03,150.82,95.72,1.7,0.6675,9.89,8.38,669,8.76,12,P000,1,7.4
GW059074,-32.55,150.69,71,2.31,0.73,11.49,9.09,766,12.8,12,P000,1,7.4
GW008085,-32.52,150.69,251.61,2.21,0.7311,11.22,8.93,679,3.55,12,P000,1,7.9
GW040501,-32.15,150.86,909.2,1.98,0.769,10.73,8.87,642,0.98,12,P000,1,8
GW053040,-32.38,150.13,286.81,1.05,0.2659,7.81,6.76,614,2.36,12,P000,1,8
GW055528,-32.51,150.46,65,1.57,0.563,9.23,7.62,653,11.73,12,P000,1,8.2
GW019783,-32.64,150.37,290,1.71,0.4701,9.75,7.78,696,2.68,12,P000,1,8.5
GW037727,-32.46,150.46,134.72,1.51,0.5418,9.05,7.54,642,5.6,12,P000,1,8.5
GW037794,-32.41,150.7,641.7,2.01,0.6794,10.67,8.62,629,1.34,12,P000,1,8.5
GW053266,-32.45,149.98,71,0.99,0.2893,7.49,6.5,695,9.16,12,P000,1,8.6
GW037728,-32.46,150.47,134.72,1.51,0.5418,9.05,7.54,642,5.6,12,P000,1,8.8
GW045063,-31.01,150.16,584.97,0.5,-0.0584,5.75,6.07,738,1.04,12,P000,1,8.8
GW073040,-32.51,150.46,72,1.57,0.563,9.23,7.62,653,10.59,12,P000,1,8.8
GW053322,-32.46,149.98,74,0.99,0.2893,7.49,6.5,695,8.79,12,P000,1,8.9
GW047611,-32.53,150.02,74,1.08,0.2845,7.78,6.62,695,8.94,12,P000,1,9
GW062777,-30.46,150.14,99.5,0.42,0.6594,5.85,6.21,723,6.24,13,P000,1,9
GW078537,-31.86,150.86,50,1.53,0.5776,9.44,8.32,820,16.64,12,P000,1,9
GW029646,-32.38,150.8,392.82,2.3,0.7409,11.63,9.29,803,2.36,12,P000,1,9.1
GW037467,-30.76,150.13,35.45,0.47,0.1279,5.58,6.01,611,16.96,13,P000,1,9.1
GW049501,-32.21,150.85,2996,2.05,0.7805,10.94,8.98,740,0.3,12,P000,1,9.1
GW059304,-32.05,150.86,152.8,1.82,0.731,10.27,8.65,643,5.66,12,P000,1,9.4
GW042579,-32.48,150.48,129.97,1.68,0.6065,9.53,7.82,648,6.01,12,P000,1,9.7
GW060327,-32.58,151.02,136.14,3.43,0.595,16.14,12.7,637,9.33,12,P000,1,9.8
GW042723,-32.44,150.14,129.4,1.11,0.2821,8,6.83,669,5.28,12,P000,1,10
GW053041,-32.38,150.13,59.21,1.05,0.2659,7.81,6.76,614,11.41,12,P000,1,10
GW008114,-32.55,150.36,35.45,1.52,0.4697,9.15,7.49,663,21.14,12,P000,1,10.1
GW008089,-32.56,150.36,48.32,1.52,0.4697,9.15,7.49,712,15.51,12,P000,1,10.5
GW053572,-32.31,150.79,285.04,2.1,0.7479,11.04,8.95,628,3.14,12,P000,1,10.5
GW025476,-32.56,150.12,30.14,1.2,0.3354,8.12,6.82,701,22.64,12,P000,1,10.6
GW008371,-32.49,150.67,157.77,2.07,0.7076,10.75,8.61,683,4.26,12,P000,1,10.7
GW010053,-32.45,150.7,421.95,2.11,0.7292,10.93,8.77,631,2.08,12,P000,1,11
GW013611,-32.56,151.29,46.7,4.5,0.2995,23.43,18.84,766,40.34,12,P000,1,11
GW053410,-32.42,150.7,1125.63,2.01,0.6794,10.67,8.62,631,0.77,12,P000,1,11
GW047646,-31.98,150.86,92.18,1.73,0.7024,10.03,8.53,655,9.26,12,P000,1,11.5
GW040509,-32.15,150.85,1921.4,1.98,0.769,10.73,8.87,642,0.46,12,P000,1,11.8
GW010898,-32.35,150.59,210.11,1.69,0.5789,9.66,7.98,638,3.8,12,P000,1,11.9
GW028510,-32.26,150.86,120,2.14,0.7855,11.19,9.11,633,7.59,12,P000,1,12
GW271002,-32.38,150.13,390,1.05,0.2659,7.81,6.76,614,1.73,12,P000,1,12
GW271005,-32.52,150.36,96,1.43,0.4609,8.87,7.37,655,7.67,12,P000,1,12
GW271020,-31.99,150.81,20,1.62,0.6327,9.68,8.28,662,41.42,12,P000,1,12
GW037319,-32.22,150.9,365.88,2.2,0.8172,11.45,9.34,643,2.55,12,P000,1,12.1
GW037934,-32.52,150.86,63.82,2.67,0.7263,12.88,10.13,863,15.87,12,P000,1,12.1
GW017798,-32.53,150.95,951.99,3.12,0.6566,14.71,11.58,711,1.22,12,P000,1,12.2
GW034568,-32.54,151.05,160.96,3.51,0.5961,16.61,13.09,647,8.13,12,P000,1,12.2
GW022309,-32.42,150.65,490,1.88,0.6397,10.24,8.33,645,1.7,12,P000,1,12.8
GW047645,-31.94,150.86,59.21,1.7,0.6829,9.96,8.55,672,14.44,12,P000,1,13
GW053348,-32.46,150.8,221.58,2.4,0.7313,11.94,9.48,628,4.28,12,P000,1,13
GW053783,-32.21,150.88,776.78,2.2,0.8172,11.45,9.34,637,1.2,12,P000,1,13
GW271035,-32.48,150.48,69,1.68,0.6065,9.53,7.82,648,11.33,12,P000,1,13
GW053644,-32.15,150.85,348.5,1.98,0.769,10.73,8.87,662,2.55,12,P000,1,13.1
GW011290,-32.4,150.24,1700,1.15,0.3331,8.08,6.94,618,0.41,12,P000,1,13.4
GW008276,-32.47,150.67,232.6,1.98,0.7002,10.5,8.47,660,3.64,12,P000,1,13.7
GW037616,-32.35,150.66,169.96,1.8,0.6281,10.03,8.23,756,4.84,12,P000,1,13.7
GW053796,-32.35,150.54,57.43,1.58,0.5266,9.32,7.76,627,13.51,12,P000,1,13.7
GW008323,-32.5,150.69,4475.37,2.21,0.7311,11.22,8.93,679,0.2,12,P000,1,14
GW047973,-32.74,151.85,33.68,4.97,-0.1142,76.44,69.84,1142,207.36,12,P000,1,14
GW008127,-32.53,150.68,98.57,2.31,0.73,11.49,9.09,766,9.22,12,P000,1,14.6
GW053159,-32.24,150.86,803.72,2.14,0.7855,11.19,9.11,639,1.13,12,P000,1,14.6
GW080927,-32.38,150.53,1800,1.66,0.6067,9.53,7.87,631,0.44,12,P000,1,14.65
GW008355,-32.5,150.69,187.63,2.21,0.7311,11.22,8.93,679,4.76,12,P000,1,14.9
GW045059,-31,150.15,1127.41,0.5,-0.0584,5.75,6.07,738,0.54,12,P000,1,14.9
GW053430,-32.44,150.67,291.78,1.98,0.7002,10.5,8.47,653,2.9,12,P000,1,15
GW271036,-32.45,150.46,130,1.51,0.5418,9.05,7.54,642,5.8,12,P000,1,15
GW008080,-32.5,150.69,97.64,2.21,0.7311,11.22,8.93,642,9.14,12,P000,1,15.2
GW013023,-34.45,150.81,84.52,6.4,0.1074,48.55,46.86,1227,55.45,12,P000,1,15.2
GW038102,-32.32,150.72,279.94,1.84,0.6636,10.18,8.37,626,2.99,12,P000,1,15.5
GW075407,-33.12,150.28,300,2.29,0.2526,12.09,9.14,748,3.05,12,P000,1,16
GW053096,-32.6,150.09,17.73,1.26,0.3302,8.3,6.9,702,38.92,12,P000,1,16.2
GW038001,-32.11,150.85,239.95,1.9,0.7529,10.51,8.76,670,3.65,12,P000,1,16.3
GW030739,-32.54,151.05,709.06,3.51,0.5961,16.61,13.09,647,1.85,12,P000,1,16.5
GW038050,-31.99,150.76,2758.24,1.52,0.5606,9.35,8.06,685,0.29,12,P000,1,16.7
GW047371,-32.5,149.9,26.41,0.93,0.2698,7.34,6.39,700,24.18,12,P000,1,16.8
GW273116,-32.54,150.45,42,1.68,0.5687,9.56,7.78,670,18.53,12,P000,1,17.5
GW080068,-31.97,150.86,230,1.7,0.6829,9.96,8.55,661,3.72,12,P000,1,17.6
GW014446,-32.58,150.38,253,1.7,0.52,9.68,7.79,670,3.08,12,P000,1,19.8
GW060094,-33.12,150.26,113.1,2.12,0.2428,11.48,8.73,732,7.72,12,P000,1,20
GW007895,-31.07,150.19,280,0.53,-0.1663,5.85,6.16,734,2.2,12,P000,1,21.3
GW018818,-32.49,150.32,50,1.37,0.4128,8.7,7.24,709,14.49,12,P000,1,21.3
GW008699,-31,150.15,2907.15,0.5,-0.0584,5.75,6.07,733,0.21,12,P000,1,22.9
GW078029,-32.65,151.01,3800,3.6,0.5903,16.83,13.12,711,0.35,12,P000,1,24
GW024561,-32.21,150.77,2500,1.79,0.6848,10.08,8.39,791,0.34,12,P000,1,24.9
GW045062,-31.02,150.16,1751.38,0.5,-0.0584,5.75,6.07,738,0.35,12,P000,1,25.9
GW024777,-32.33,149.88,339.99,0.82,0.279,6.98,6.24,671,1.84,12,P000,1,26.1
GW023072,-32.26,150.71,8963,1.76,0.6481,9.96,8.26,637,0.09,12,P000,1,27.7
GW061307,-32.79,151.63,410,3.84,-0.4754,59.01,53.15,1002,12.96,12,P000,1,30
GW070207,-31.13,150.23,850,0.57,-0.2677,6.03,6.27,691,0.74,12,P000,1,30
GW080964,-32.65,151.02,5600,3.6,0.5903,16.83,13.12,901,0.23,12,P000,1,30
GW080968,-32.48,151.1,2300,3.58,0.6001,17.06,13.47,657,0.59,12,P000,1,30
GW056902,-30.15,150.05,345,0.36,1.9625,6.02,6.22,790,1.8,13,P000,1,30.5
GW058394,-32.75,150,508,1.26,0.2581,8.34,6.86,689,1.35,12,P000,1,30.5
GW005239,-32.38,150.53,250,1.66,0.6067,9.53,7.87,631,3.15,12,P000,1,30.8
GW024778,-32.32,149.89,181.87,0.79,0.2793,6.86,6.2,631,3.41,12,P000,1,31.8
GW030904,-30.24,150.07,34.03,0.37,1.5857,5.92,6.17,802,18.12,13,P000,1,33.8
GW061684,-32.05,150.83,870,1.82,0.731,10.27,8.65,667,0.99,12,P000,1,34.1
GW056911,-32.6,149.86,250.65,0.96,0.2626,7.41,6.39,724,2.55,12,P000,1,34.4
GW038220,-31.07,150.2,722.22,0.53,-0.1663,5.85,6.16,723,0.85,12,P000,1,35.6
GW010602,-31.01,150.14,83.31,0.5,-0.0584,5.75,6.07,733,7.29,12,P000,1,36
GW044885,-30.96,150.12,886.33,0.48,0.0694,5.67,5.99,652,0.68,12,P000,1,36.6
GW032887,-32.07,150.81,35,1.7,0.6675,9.89,8.38,724,23.95,12,P000,1,37.2
GW031623,-32.36,150.81,580.01,2.2,0.7469,11.32,9.11,755,1.57,12,P000,1,38.1
GW031691,-32.59,150.05,59,1.19,0.3015,8.11,6.79,754,11.5,12,P000,1,38.1
GW078034,-32.36,150.07,410,0.94,0.3012,7.31,6.46,658,1.58,12,P000,1,40
GW011738,-34.5,150.73,333,5.13,-0.0137,42.87,41.14,1737,12.35,12,P000,1,40.5
GW058877,-31.98,150.86,560,1.73,0.7024,10.03,8.53,655,1.52,12,P000,1,41.2
GW024779,-32.32,149.9,162.02,0.79,0.2793,6.86,6.2,631,3.83,12,P000,1,41.3
GW005417,-30.76,149.95,3049.42,0.41,0.6132,5.48,5.79,635,0.19,12,P000,1,41.4
GW902118,-30.73,150.17,1390,0.47,0.1279,5.58,6.01,630,0.43,13,P000,1,42
GW080201,-32.06,150.87,1100,1.82,0.731,10.27,8.65,643,0.79,12,P000,1,42.8
GW010006,-31.13,150.23,187.8,0.57,-0.2677,6.03,6.27,691,3.34,12,P000,1,44.2
GW024775,-32.32,149.86,40.06,0.76,0.295,6.77,6.13,639,15.31,12,P000,1,45.1
GW061205,-32.98,150.14,790,1.77,0.254,10.04,7.8,707,0.99,12,P000,1,45.7
GW051430,-32.34,149.86,550,0.79,0.2909,6.88,6.18,682,1.12,12,P000,1,46.1
GW024776,-32.31,149.87,209.88,0.76,0.295,6.77,6.13,639,2.92,12,P000,1,48.8
GW013359,-32.76,151.87,1296.98,4.97,-0.1142,76.44,69.84,1149,5.38,12,P000,1,49.4
GW058583,-32.17,149.24,590,0.49,1.2119,5.76,5.47,629,0.93,12,P000,1,53.3
GW017267,-31.38,150.5,353.72,0.77,-0.3532,6.82,6.82,630,1.93,12,P000,1,53.9
GW049386,-30.67,149.99,18.8,0.41,0.6136,5.51,5.86,658,31.16,13,P000,1,54.9
GW008698,-31.02,150.12,2091.73,0.49,0.0486,5.73,6.01,703,0.29,12,P000,1,57.9
GW006662,-31.15,150.26,718.52,0.57,-0.2677,6.03,6.27,689,0.87,12,P000,1,59.4
GW064864,-31.25,150.47,223.15,0.68,-0.4085,6.39,6.62,659,2.97,12,P000,1,59.4
GW060953,-31.98,150.87,275.12,1.73,0.7024,10.03,8.53,655,3.1,12,P000,1,60.8
GW031999,-30.74,150.18,14,0.49,0.0468,5.62,6.08,625,43.43,13,P000,1,61
GW057327,-32.24,149.76,45.38,0.7,0.2442,6.7,6,641,13.22,12,P000,1,61.7
GW022363,-31.01,150.14,425.44,0.5,-0.0584,5.75,6.07,733,1.43,12,P000,1,64
GW008133,-31.97,150.8,430.6,1.6,0.6162,9.63,8.32,769,1.93,12,P000,1,65.2
GW078540,-32.54,150.01,125,1.08,0.2845,7.78,6.62,695,5.3,12,P000,1,67.38
GW059037,-32.24,149.76,39.35,0.7,0.2442,6.7,6,641,15.24,12,P000,1,69.5
GW016176,-31.09,150.22,136.57,0.54,-0.1844,5.92,6.18,747,4.53,12,P000,1,76.2
GW047762,-32.51,150.69,459.12,2.21,0.7311,11.22,8.93,679,1.94,12,P000,1,76.2
GW024774,-32.29,149.82,52.12,0.76,0.2045,6.88,6.09,652,11.69,12,P000,1,91.1
GW057329,-32.24,149.77,273.34,0.7,0.2442,6.7,6,641,2.19,12,P000,1,93
GW003087,-30.72,150.22,71,0.48,0.1063,5.62,6.08,645,8.57,13,P000,1,95.4
GW045060,-31.02,150.14,65.59,0.5,-0.0584,5.75,6.07,733,9.25,12,P000,1,96
GW047706,-33.39,149.99,69.31,1.38,0.2457,9.04,7.39,966,10.66,10,P500,2,22.8
GW047572,-33.39,150,79.59,1.38,0.2457,9.04,7.39,966,9.28,10,P500,2,28.9
GW011761,-35.01,150.82,73.53,13.44,0.4536,63.02,57.68,1261,78.44,10,P500,5,50.3
GW047971,-34.85,150.52,36.16,2.85,-0.2723,26.72,25.71,1122,71.08,10,P500,2,36
GW053401,-33.38,149.99,120.9,1.38,0.2457,9.04,7.39,966,6.11,10,P500,2,25.9
GW965569,-31.01,150.2,215,0.52,-0.1456,5.78,6.13,751,2.85,10,P500,2,30
GW055055,-33.44,150.12,35.1,1.61,0.223,9.89,7.93,835,22.59,10,P500,2,21.3
GW031401,-35.1,150.69,133.95,13.4,0.4536,61.49,56.7,1401,42.32,10,P500,6,50.3
GW053242,-32.6,151.27,146.43,4.41,0.3064,22.8,18.31,733,12.5,10,P500,2,19.8
GW042505,-34.72,150.8,54.59,9.35,0.2696,55.01,54,1720,98.91,10,P500,2,57.9
GW018685,-30.25,150.05,41.84,0.37,1.5857,5.92,6.17,767,14.74,10,P500,4,23.8
GW057909,-35.28,150.49,64.89,12.87,0.3942,59.07,54.36,1258,83.76,10,P500,3,7
GW032572,-34.62,150.83,218.25,12.21,0.4702,64.02,62.8,1246,28.78,10,P500,5,12.1
GW028672,-35.02,150.58,249.16,7.46,0.0826,45.41,44.8,1248,17.98,10,P500,5,30.5
GW047626,-31.01,150.22,384.49,0.52,-0.1456,5.78,6.13,751,1.59,10,P500,2,25
GW012775,-34.55,150.71,126.81,4.02,-0.1203,37.16,35.47,1599,27.97,10,P500,2,19.5
GW062647,-34.48,150.75,61.43,5.13,-0.0137,42.87,41.14,1576,66.97,10,P500,7,0
GW062852,-34.51,150.73,258.82,5.13,-0.0137,42.87,41.14,1713,15.89,10,P500,3,8
GW012581,-34.46,150.79,208.04,6.4,0.1074,48.55,46.86,1574,22.53,10,P500,2,37.1
GW965565,-31,150.21,695,0.52,-0.1456,5.78,6.13,686,0.88,10,P500,2,18
GW965545,-31.01,150.2,860,0.52,-0.1456,5.78,6.13,751,0.71,10,P500,2,24
GW037307,-34.72,150.81,128.71,9.35,0.2696,55.01,54,1720,41.95,10,P500,2,53
GW055246,-33.56,150.2,72,1.82,0.2177,10.74,8.57,829,11.9,10,P500,2,38.1
GW010911,-34.72,150.84,362.46,13.53,0.5171,66.32,65.22,1486,17.99,10,P500,2,22.8
GW010779,-34.47,150.78,2195.71,6.4,0.1074,48.55,46.86,1574,2.13,10,P500,3,30.4
GW027325,-33.09,150.22,690.74,1.97,0.2327,10.92,8.37,738,1.21,10,P500,3,7.7
GW075405,-33.03,150.24,1700,2.08,0.2665,11.28,8.59,714,0.51,10,P500,2,10
GW010966,-32.96,150.11,873.33,1.61,0.2517,9.49,7.48,745,0.86,10,P500,3,61
GW015266,-34.5,150.74,2356.55,5.13,-0.0137,42.87,41.14,1713,1.75,10,P500,2,13.4
GW044880,-31.01,150.21,1099.04,0.52,-0.1456,5.78,6.13,751,0.56,10,P500,1,0
GW048549,-35.07,150.69,115,11.85,0.377,57.9,55.34,1301,48.13,10,P500,1,0
GW008732,-31,150.21,329.71,0.52,-0.1456,5.78,6.13,751,1.86,10,P500,1,3.7
GW033641,-35.02,150.82,70,13.44,0.4536,63.02,57.68,1261,82.4,10,P500,1,4.6
GW080401,-32.36,149.9,860,0.82,0.279,6.98,6.24,702,0.73,10,P500,1,5
GW080403,-32.36,149.9,920,0.82,0.279,6.98,6.24,693,0.68,10,P500,1,5
GW023104,-32.5,150.09,183.97,1.14,0.338,7.94,6.75,678,3.67,10,P500,1,5.8
GW966639,-31,150.21,40,0.52,-0.1456,5.78,6.13,686,15.33,10,P500,1,5.9
GW966640,-31,150.21,16,0.52,-0.1456,5.78,6.13,686,38.32,10,P500,1,5.9
GW049646,-35.09,150.58,532.6,7.22,0.0264,44.09,43.68,1240,8.2,10,P500,1,6.1
GW017904,-32.28,150.94,550,2.51,0.7678,12.54,10.13,664,1.84,10,P500,1,6.7
GW053717,-32.49,150.08,318.01,1.14,0.338,7.94,6.75,678,2.12,10,P500,1,6.8
GW059421,-32.51,150.12,23.4,1.14,0.338,7.94,6.75,687,28.85,10,P500,1,7.3
GW053044,-32.75,151.84,120,4.97,-0.1142,76.44,69.84,1151,58.2,10,P500,1,7.5
GW031420,-35.17,150.57,994.82,9.25,0.2187,49.4,48.76,1305,4.9,10,P500,1,7.9
GW053412,-32.83,151.52,120,4.29,-0.5658,46.34,40.94,929,34.11,10,P500,1,7.9
GW053570,-32.56,150.09,68,1.2,0.3354,8.12,6.82,701,10.04,10,P500,1,9
GW055928,-35.17,150.59,180,11.35,0.3494,55.4,54.73,1341,30.4,10,P500,1,9
GW028506,-33.55,150.2,83,1.82,0.2177,10.74,8.57,852,10.32,10,P500,1,9.1
GW044496,-32.62,151.21,1999.62,4.22,0.3823,21.12,16.86,689,0.84,10,P500,1,9.6
GW053097,-32.59,150.08,17.73,1.26,0.3302,8.3,6.9,702,38.92,10,P500,1,9.8
GW037480,-32.28,150.94,4499.16,2.51,0.7678,12.54,10.13,664,0.23,10,P500,1,9.9
GW057911,-35.39,150.45,406.29,15.65,0.5059,65.09,53.61,1278,13.2,10,P500,1,10
GW048404,-35.2,150.55,633,14.4,0.4762,63.38,59.91,1279,9.47,10,P500,1,10.4
GW048656,-35.1,150.62,1198,7.22,0.0264,44.09,43.68,1276,3.65,10,P500,1,10.7
GW025474,-32.53,150.12,21.98,1.2,0.3354,8.12,6.82,696,31.05,10,P500,1,11.2
GW047463,-32.14,150.91,120.89,2.12,0.8129,11.21,9.21,639,7.62,10,P500,1,11.7
GW035923,-32.53,150.12,31.91,1.2,0.3354,8.12,6.82,696,21.39,10,P500,1,11.8
GW060126,-34.75,150.7,137.2,6.72,0.054,45.79,44.61,1515,32.52,10,P500,1,12
GW080954,-32.93,151.39,850,4.3,-0.5026,42.69,37.76,1138,4.44,10,P500,1,12
GW047999,-32.54,151.19,288.94,4.11,0.4399,20.3,16.15,692,5.59,10,P500,1,12.5
GW028676,-32.57,150.1,55.66,1.2,0.3354,8.12,6.82,701,12.26,10,P500,1,12.8
GW059216,-32.58,150.08,62.75,1.26,0.3302,8.3,6.9,702,11,10,P500,1,12.8
GW271038,-32.53,150.12,33,1.2,0.3354,8.12,6.82,696,20.68,10,P500,1,13
GW061486,-32.84,150.05,310,1.43,0.257,8.88,7.14,764,2.3,10,P500,1,15
GW013508,-34.65,150.79,92,8.94,0.2534,54.33,53.2,2122,57.82,10,P500,1,15.2
GW015076,-34.55,150.73,791.1,5.61,0.0069,44.23,42.65,1678,5.39,10,P500,1,15.2
GW049926,-35.09,150.51,52,5.13,-0.1816,36.34,35.86,1179,68.95,10,P500,1,16
GW012769,-34.55,150.72,439.12,4.02,-0.1203,37.16,35.47,1599,8.08,10,P500,1,16.1
GW032008,-34.75,150.7,96.43,6.72,0.054,45.79,44.61,1515,46.26,10,P500,1,16.7
GW053563,-32.6,151.27,123.38,4.41,0.3064,22.8,18.31,722,14.84,10,P500,1,18
GW271006,-32.56,150.09,47,1.2,0.3354,8.12,6.82,701,14.52,10,P500,1,18
GW022508,-34.77,150.74,57,8.94,0.2355,52.91,51.84,1522,90.94,10,P500,1,18.2
GW017976,-34.58,150.75,699,6.1,0.0322,45.51,44.08,1897,6.31,10,P500,1,18.8
GW053411,-32.83,151.52,140,4.29,-0.5658,46.34,40.94,929,29.24,10,P500,1,20
GW017565,-34.59,150.79,1520,8.83,0.2562,54.57,53.25,1819,3.5,10,P500,1,20.4
GW013164,-34.55,150.72,71,4.02,-0.1203,37.16,35.47,1599,49.96,10,P500,1,21.9
GW027498,-34.61,150.78,574,8.83,0.2562,54.57,53.25,2034,9.28,10,P500,1,22.2
GW048432,-35.1,150.6,1206.53,7.22,0.0264,44.09,43.68,1240,3.62,10,P500,1,22.8
GW080980,-32.89,151.27,3700,4.74,-0.1023,30.12,25.41,844,0.69,10,P500,1,24
GW037987,-34.63,150.74,56.72,6.12,0.0111,45.15,43.87,2070,77.34,10,P500,1,24.3
GW015286,-34.78,150.68,108.7,8.49,0.199,50.74,49.61,1466,45.64,10,P500,1,25.9
GW063843,-31.02,150.22,704.79,0.52,-0.1456,5.78,6.13,751,0.87,10,P500,1,26
GW048923,-35.07,150.68,66.7,11.85,0.377,57.9,55.34,1301,82.97,10,P500,1,29
GW048516,-35.1,150.6,663,7.22,0.0264,44.09,43.68,1240,6.59,10,P500,1,30
GW057563,-34.76,150.7,79.41,6.72,0.054,45.79,44.61,1515,56.18,10,P500,1,30
GW060276,-35.46,150.36,656.59,11.25,0.3101,53.23,50.11,1245,7.63,10,P500,1,30
GW080958,-32.63,151.31,11000,4.67,0.1553,25.77,20.97,753,0.19,10,P500,1,30
GW080971,-32.3,150.99,2700,2.68,0.7761,13.21,10.62,674,0.39,10,P500,1,30
GW007261,-34.54,150.74,316,5.61,0.0069,44.23,42.65,1678,13.5,10,P500,1,30.1
GW048746,-35.07,150.69,100,11.85,0.377,57.9,55.34,1301,55.34,10,P500,1,30.5
GW048772,-35.07,150.69,173,11.85,0.377,57.9,55.34,1301,31.99,10,P500,1,30.5
GW045156,-35.02,150.83,109.16,12.75,0.4068,61.72,58.31,1298,53.41,10,P500,1,30.7
GW031974,-34.58,150.71,632.84,4.33,-0.1259,38.17,36.63,1853,5.79,10,P500,1,33.5
GW049161,-35.02,150.83,141,12.75,0.4068,61.72,58.31,1298,41.35,10,P500,1,34
GW012996,-34.57,150.85,337,11.99,0.4703,63.93,62.62,1187,18.58,10,P500,1,34.1
GW080970,-32.29,150.98,2400,2.68,0.7761,13.21,10.62,715,0.44,10,P500,1,36
GW080976,-32.66,151.36,6400,4.81,0.0602,28.03,23.01,772,0.36,10,P500,1,36
GW101757,-33.57,150.2,390,1.82,0.2177,10.74,8.57,919,2.2,10,P500,1,36
GW048310,-35.08,150.69,88.57,13.4,0.4536,61.49,56.7,1401,64.01,10,P500,1,38
GW060227,-34.71,150.1,61.69,1.17,0.3172,9.13,8.65,881,14.02,10,P500,1,38
GW037400,-35.08,150.68,40.77,13.4,0.4536,61.49,56.7,1401,139.06,10,P500,1,38.1
GW102428,-33.46,150.12,65,1.61,0.223,9.89,7.93,1055,12.2,10,P500,1,38.1
GW011697,-34.76,150.67,66.44,4.98,-0.1127,39.18,37.94,1680,57.1,10,P500,1,40.2
GW010547,-33.1,150.16,333.86,1.82,0.223,10.41,8.05,687,2.41,10,P500,1,40.5
GW055736,-30.34,150,1575,0.38,1.9522,5.89,6.03,777,0.38,10,P500,1,41.1
GW045363,-35.02,150.83,109.19,12.75,0.4068,61.72,58.31,1298,53.4,10,P500,1,41.7
GW055289,-31.03,150.23,1027.78,0.55,-0.2361,5.88,6.22,657,0.6,10,P500,1,44.5
GW026039,-34.65,150.82,60,8.94,0.2534,54.33,53.2,2097,88.66,10,P500,1,45.1
GW028018,-34.76,150.1,296.03,1.18,0.314,9.22,8.79,791,2.97,10,P500,1,45.1
GW010546,-33.08,150.16,491.73,1.82,0.223,10.41,8.05,687,1.64,10,P500,1,45.7
GW053313,-32.99,149.98,421.89,1.42,0.2207,8.88,7.14,721,1.69,10,P500,1,45.7
GW047344,-34.79,150.67,292.13,5.96,-0.0231,42.41,41.25,1415,14.12,10,P500,1,45.8
GW050724,-32.87,151.4,510,4.69,-0.363,37.76,32.58,872,6.39,10,P500,1,46
GW049186,-35.02,150.83,161,12.75,0.4068,61.72,58.31,1298,36.22,10,P500,1,47
GW007387,-30.36,150,690.87,0.38,1.9522,5.89,6.03,767,0.87,10,P500,1,49.3
GW019253,-34.75,150.8,110,11.01,0.3727,58.97,58.04,1473,52.76,10,P500,1,50.9
GW024156,-34.59,150.79,858,8.83,0.2562,54.57,53.25,1819,6.21,10,P500,1,53
GW051054,-34.77,150.73,62,8.94,0.2355,52.91,51.84,1522,83.61,10,P500,1,53
GW058031,-35.45,150.36,909.01,11.25,0.3101,53.23,50.11,1245,5.51,10,P500,1,54
GW035642,-34.93,150.54,2514.33,4.33,-0.2565,34.38,33.71,1180,1.34,10,P500,1,54.2
GW030894,-30.29,150.01,122.31,0.38,2.1593,5.95,6.06,731,4.95,10,P500,1,54.8
GW047520,-34.76,150.1,171.95,1.18,0.314,9.22,8.79,791,5.11,10,P500,1,55
GW013668,-34.49,150.78,2200,7.25,0.1618,50.83,49.27,1250,2.24,10,P500,1,57.9
GW062131,-34.77,150.65,19.85,4.98,-0.1127,39.18,37.94,1680,191.12,10,P500,1,58
GW057569,-34.76,150.76,360,8.94,0.2355,52.91,51.84,1452,14.4,10,P500,1,60
GW080979,-32.85,151.36,5300,4.76,-0.2551,34.57,29.52,817,0.56,10,P500,1,60
GW038231,-34.59,150.78,1325.94,8.83,0.2562,54.57,53.25,1819,4.02,10,P500,1,60.9
GW039443,-33.43,150.12,16,1.61,0.223,9.89,7.93,835,49.56,10,P500,1,70
GW080115,-32.37,149.87,450,0.79,0.2909,6.88,6.18,699,1.37,10,P500,1,70.1
GW058736,-35.02,150.83,103.88,12.75,0.4068,61.72,58.31,1298,56.13,10,P500,1,78
GW050777,-34.75,150.1,330,1.18,0.314,9.22,8.79,791,2.66,10,P500,1,80
TYAR,-33.01,150.17,389.7,1.77,0.254,10.04,7.8,710,2,10,P500,1,0
GW968725,-31.37,150.63,46,0.81,-0.3518,6.8,7,705,15.22,7,P700,2,28
GW037393,-31.52,150.73,75.16,0.97,-0.1356,7.48,7.38,700,9.82,7,P700,2,15.2
GW033220,-31.27,150.66,49.21,0.79,-0.3984,6.61,6.93,723,14.09,7,P700,5,83.8
GW023784,-31.5,150.69,110.59,0.93,-0.1828,7.36,7.27,673,6.57,7,P700,4,24.4
GW037372,-31.51,150.74,60.63,0.97,-0.1356,7.48,7.38,700,12.18,7,P700,2,13.4
GW966127,-31.39,150.65,67.5,0.84,-0.3191,6.94,7.05,671,10.45,7,P700,2,65.5
GW079620,-32.29,151.96,32.33,6.75,-0.1171,39.82,33.24,1141,102.8,7,P700,3,60
GW053518,-32.66,151.41,279.01,4.93,-0.0392,30.5,25.27,822,9.06,7,P700,2,16.2
GW030129,-30.52,150.05,70.71,0.4,1.099,5.76,6.02,641,8.52,7,P700,9,24.4
GW965745,-31.37,150.62,375.5,0.8,-0.3656,6.83,6.95,741,1.85,7,P700,2,22
GW965570,-31,150.24,598.33,0.54,-0.2154,5.81,6.19,661,1.03,7,P700,3,30
GW057900,-31.34,150.65,109.54,0.81,-0.3518,6.8,7,662,6.39,7,P700,2,22.8
GW079621,-32.3,151.95,860.75,6.75,-0.1171,39.82,33.24,1144,3.86,7,P700,4,40
GW079622,-32.31,151.94,666.67,6.75,-0.1171,39.82,33.24,1144,4.99,7,P700,3,40
GW036187,-30.53,150.03,138.85,0.41,0.8769,5.69,5.99,635,4.32,7,P700,9,35.1
GW965567,-30.99,150.23,390,0.54,-0.2154,5.81,6.19,661,1.59,7,P700,2,24
GW047486,-32.36,150.93,970.89,2.63,0.7513,12.97,10.4,713,1.07,7,P700,3,92
GW054413,-31.45,150.72,372,0.9,-0.2432,7.19,7.21,723,1.94,7,P700,2,91.4
GW965572,-30.98,150.25,3110.5,0.54,-0.2154,5.81,6.19,644,0.2,7,P700,2,16
41910285,-30.98,150.25,822,0.54,-0.2154,5.81,6.19,644,0.75,7,P700,1,0
GW044830,-31.26,150.72,90.41,0.82,-0.3785,6.72,7.04,720,7.79,7,P700,1,0
GW066206,-31.5,150.69,137,0.93,-0.1828,7.36,7.27,665,5.31,7,P700,1,0
GW966233,-31,150.24,123,0.54,-0.2154,5.81,6.19,661,5.03,7,P700,1,0
GW966234,-30.99,150.25,142,0.54,-0.2154,5.81,6.19,661,4.36,7,P700,1,0
GW966235,-31,150.25,24,0.54,-0.2154,5.81,6.19,644,25.8,7,P700,1,0
GW966962,-30.98,150.25,11000,0.54,-0.2154,5.81,6.19,661,0.06,7,P700,1,0
GW966963,-30.98,150.25,8600,0.54,-0.2154,5.81,6.19,661,0.07,7,P700,1,0
GW966964,-30.98,150.25,5200,0.54,-0.2154,5.81,6.19,661,0.12,7,P700,1,0
GW966965,-30.98,150.25,5000,0.54,-0.2154,5.81,6.19,661,0.12,7,P700,1,0
GW966966,-30.98,150.25,3389,0.54,-0.2154,5.81,6.19,661,0.18,7,P700,1,0
GW966967,-30.98,150.25,4613,0.54,-0.2154,5.81,6.19,661,0.13,7,P700,1,0
GW966968,-30.98,150.25,3753,0.54,-0.2154,5.81,6.19,644,0.16,7,P700,1,0
GW966969,-30.98,150.25,3500,0.54,-0.2154,5.81,6.19,661,0.18,7,P700,1,0
GW080904,-32.81,151.27,190,4.71,0.0315,27.49,22.74,979,11.97,7,P700,1,4
GW044673,-31.26,150.73,143.58,0.85,-0.3483,6.76,7.13,717,4.97,7,P700,1,4.6
GW042590,-31.26,150.71,138.27,0.82,-0.3785,6.72,7.04,720,5.09,7,P700,1,5.6
GW044674,-31.26,150.72,122.31,0.82,-0.3785,6.72,7.04,720,5.76,7,P700,1,6
GW965536,-30.99,150.24,190,0.54,-0.2154,5.81,6.19,661,3.26,7,P700,1,6
GW044679,-31.26,150.72,86.86,0.82,-0.3785,6.72,7.04,720,8.11,7,P700,1,6.4
GW965537,-30.99,150.23,225,0.54,-0.2154,5.81,6.19,661,2.75,7,P700,1,7
GW965541,-30.98,150.25,972,0.54,-0.2154,5.81,6.19,644,0.64,7,P700,1,7
GW047322,-31.51,150.69,111.68,0.93,-0.1828,7.36,7.27,665,6.51,7,P700,1,7.3
GW056207,-32.68,151.42,874.27,4.92,-0.1202,32.11,26.84,820,3.07,7,P700,1,7.8
GW016060,-32.65,151.41,498.89,4.93,-0.0392,30.5,25.27,830,5.06,7,P700,1,7.9
GW042703,-33.03,150.03,177.27,1.55,0.2202,9.33,7.39,737,4.17,8,P700,1,8
GW965542,-30.97,150.25,2400,0.53,-0.1881,5.76,6.17,629,0.26,7,P700,1,8
GW037322,-31.5,150.69,86.86,0.93,-0.1828,7.36,7.27,673,8.37,7,P700,1,8.5
GW054351,-32.67,151.57,148.9,5.07,-0.3367,38.96,33.14,947,22.26,7,P700,1,8.5
GW047320,-31.51,150.68,109.9,0.93,-0.1828,7.36,7.27,665,6.62,7,P700,1,8.8
GW047321,-31.5,150.69,111.68,0.93,-0.1828,7.36,7.27,673,6.51,7,P700,1,8.8
GW047319,-31.51,150.69,111.68,0.93,-0.1828,7.36,7.27,665,6.51,7,P700,1,9.1
GW044863,-31.25,150.69,148.9,0.82,-0.3785,6.72,7.04,689,4.73,7,P700,1,9.6
GW037940,-31.5,150.7,80.12,0.93,-0.1828,7.36,7.27,673,9.07,7,P700,1,9.7
GW042704,-33.02,150.03,205.63,1.52,0.2279,9.24,7.34,718,3.57,8,P700,1,10
GW965534,-30.98,150.25,5800,0.54,-0.2154,5.81,6.19,644,0.11,7,P700,1,10
GW965535,-30.99,150.24,110,0.54,-0.2154,5.81,6.19,661,5.63,7,P700,1,10
GW044111,-31.26,150.71,161.31,0.82,-0.3785,6.72,7.04,720,4.37,7,P700,1,10.7
GW042871,-31.52,150.68,104.59,0.93,-0.1828,7.36,7.27,665,6.95,7,P700,1,11.3
GW056478,-32.65,151.86,2060.88,4.9,-0.1827,73.77,66.66,1157,3.23,7,P700,1,11.9
GW022693,-32.7,151.47,120,4.96,-0.2312,35.18,29.71,853,24.76,7,P700,1,12.2
GW038117,-31.26,150.72,106.36,0.82,-0.3785,6.72,7.04,720,6.62,7,P700,1,12.8
GW035052,-30.64,150.05,430.75,0.42,0.4981,5.56,5.93,665,1.38,7,P700,1,13.4
GW009989,-31.84,149.28,2255,0.49,1.5523,5.62,5.37,615,0.24,8,P700,1,14.6
GW965573,-30.98,150.24,530,0.54,-0.2154,5.81,6.19,661,1.17,7,P700,1,16
GW060900,-32.7,151.46,710,4.96,-0.2312,35.18,29.71,846,4.18,7,P700,1,18.3
GW033556,-31.35,150.61,128.99,0.8,-0.3656,6.83,6.95,655,5.39,7,P700,1,18.9
GW035832,-31.17,150.56,1212,0.7,-0.4199,6.3,6.7,647,0.55,7,P700,1,20.4
GW030873,-32.38,148.86,944.82,0.43,1.5906,5.49,5.3,621,0.56,8,P700,1,21.3
GW035570,-31.59,150.7,143.58,1.01,-0.0372,7.71,7.4,681,5.15,7,P700,1,21.3
GW006292,-30.4,149.97,85.97,0.38,1.8388,5.78,5.93,664,6.9,7,P700,1,22.8
GW057354,-32.7,151.46,200,4.96,-0.2312,35.18,29.71,853,14.86,7,P700,1,22.9
GW965566,-30.99,150.26,90,0.54,-0.2154,5.81,6.19,644,6.88,7,P700,1,24
GW965568,-30.99,150.26,750,0.54,-0.2154,5.81,6.19,644,0.83,7,P700,1,24
GW006291,-30.39,150,102,0.38,1.721,5.83,6.01,734,5.89,7,P700,1,25.9
GW968726,-31.37,150.63,39,0.81,-0.3518,6.8,7,705,17.95,7,P700,1,26
GW047292,-31.58,150.7,145.36,1.01,-0.0372,7.71,7.4,690,5.09,7,P700,1,27.4
GW027501,-31.24,150.68,161.31,0.82,-0.3785,6.72,7.04,689,4.37,7,P700,1,28.3
GW018300,-31.22,150.66,750,0.78,-0.4047,6.54,6.92,680,0.92,7,P700,1,29.9
GW080955,-32.74,151.35,30,4.85,-0.0992,31.12,26.02,755,86.72,7,P700,1,30
GW080978,-32.82,151.37,5400,4.82,-0.1749,32.71,27.61,781,0.51,7,P700,1,30
GW273203,-30.45,150.09,28,0.4,1.1928,5.87,6.13,692,21.88,7,P700,1,30
GW965571,-30.98,150.25,510,0.54,-0.2154,5.81,6.19,661,1.21,7,P700,1,30
GW045624,-31.24,150.54,590,0.73,-0.4156,6.5,6.77,639,1.15,7,P700,1,31.1
GW065934,-31.52,150.66,132.09,0.89,-0.2222,7.25,7.16,650,5.42,8,P700,1,32
GW043712,-31.4,150.58,427.3,0.81,-0.3387,6.86,6.96,644,1.63,8,P700,1,33.5
GW965729,-31.4,150.63,89,0.84,-0.3191,6.94,7.05,653,7.92,7,P700,1,39.6
GW045101,-31.47,150.75,78,0.93,-0.2034,7.3,7.32,706,9.38,7,P700,1,42.3
GW054226,-31.21,150.58,257.41,0.74,-0.4169,6.44,6.81,659,2.65,7,P700,1,42.6
GW031823,-32.56,149.86,212.31,0.92,0.2687,7.31,6.35,764,2.99,7,P700,1,43.9
GW051374,-31.33,150.65,150,0.81,-0.3518,6.8,7,676,4.67,7,P700,1,48.5
GW058309,-31.89,150.89,90.41,1.71,0.7048,10.02,8.67,701,9.59,7,P700,1,50
GW045940,-31.17,150.56,243.52,0.7,-0.4199,6.3,6.7,647,2.75,7,P700,1,52.4
GW051758,-31.44,150.72,552.3,0.9,-0.2432,7.19,7.21,723,1.31,7,P700,1,54.8
GW047793,-32.46,151.97,355.95,5.74,-0.4505,56.43,48.9,1198,13.74,7,P700,1,59
GW007407,-30.37,149.98,901.82,0.38,1.9522,5.89,6.03,767,0.67,7,P700,1,59.7
GW047238,-29.55,150.55,1119.61,0.41,2.4672,7.34,7.47,678,0.67,8,P700,1,63.1
GW080956,-32.71,151.33,5800,4.85,-0.0157,29.43,24.36,751,0.42,7,P700,1,76
GW053634,-31.53,150.68,152.09,0.97,-0.1133,7.54,7.33,663,4.82,7,P700,1,83.8
GW015315,-31.38,150.66,62.06,0.84,-0.3191,6.94,7.05,671,11.37,7,P700,1,88.4
GW055619,-31.51,150.7,28,0.93,-0.1828,7.36,7.27,665,25.97,7,P700,1,91.4
GW014562,-31.45,150.22,108.4,0.62,-0.1902,6.48,6.33,651,5.84,4,Pill,2,17.4
GW044760,-31.48,150.27,66.5,0.65,-0.2587,6.46,6.37,653,9.58,4,Pill,2,22.6
GW015677,-31.48,150.19,54.5,0.64,-0.168,6.58,6.37,660,11.68,4,Pill,2,29.9
GW009694,-31.46,150.06,57.3,0.56,0.0603,6.3,6.13,680,10.7,4,Pill,2,36.3
GW013596,-31.4,150.12,182.7,0.57,-0.0424,6.28,6.17,657,3.38,4,Pill,2,48.8
GW014072,-31.4,150.07,79,0.55,0.0688,6.23,6.1,655,7.72,4,Pill,2,48.8
GW014315,-28.98,150.72,53.39,0.57,1.08,8.12,8.22,700,15.39,4,Pill,2,53
GW016200,-31.4,150.11,194.8,0.57,-0.0424,6.28,6.17,657,3.17,4,Pill,2,54.9
GW002191,-30.56,149.73,64.53,0.39,1.7368,5.43,5.57,660,8.64,4,Pill,2,56.3
GW009061,-29.19,150.4,77.3,0.41,2.0451,7.27,7.38,679,9.54,4,Pill,2,70.7
GW014922,-30.21,149.87,39,0.34,2.4161,5.68,5.79,693,14.86,4,Pill,2,74.3
GW045391,-31.41,150.05,34.1,0.55,0.0688,6.23,6.1,658,17.89,4,Pill,2,80.2
GW010410,-31.46,150.03,73.6,0.56,0.0603,6.3,6.13,751,8.33,4,Pill,2,86
GW036537,-32.13,148.59,72.59,0.44,1.7267,5.33,5.1,590,7.03,4,Pill,4,51.8
GW018640,-29.09,150.73,22.51,0.61,1.0146,8.21,8.27,703,36.74,4,Pill,5,38.1
GW053143,-32.09,150.37,104.26,1,0.1357,7.66,6.86,616,6.58,4,Pill,3,12
GW026801,-31.35,148.94,30.31,1.18,4.5096,5.54,4.92,701,16.24,4,Pill,4,13.7
GW027211,-31.66,149.67,202.7,0.47,1.0105,5.78,5.64,670,2.78,4,Pill,4,36.6
GW022446,-31.51,149.9,33.15,0.54,0.4322,6.2,5.96,655,17.97,4,Pill,2,19.5
GW042916,-30.4,149.82,80.31,0.39,2.1091,5.65,5.72,652,7.13,4,Pill,2,44.5
GW003254,-32.06,148.31,484.17,0.46,2.2918,5.07,4.89,562,1.01,4,Pill,3,75.9
GW967223,-29.14,150.24,355,0.38,2.173,7.07,7.14,638,2.01,4,Pill,2,24
GW033586,-31.2,149.45,74.09,0.69,2.6263,5.73,5.37,799,7.24,4,Pill,2,30.5
GW047168,-32.2,148.68,584.8,0.44,1.6072,5.43,5.18,599,0.89,4,Pill,2,49.8
GW080680,-32.15,150.04,450,0.74,0.137,6.84,6.31,601,1.4,4,Pill,1,5.47
GW019086,-31.49,149.53,14.5,0.53,1.5896,5.83,5.56,721,38.36,4,Pill,1,6.1
GW080678,-32.15,150.04,2100,0.74,0.137,6.84,6.31,601,0.3,4,Pill,1,6.34
GW053269,-32.14,150.35,178.33,1.04,0.1762,7.77,6.9,604,3.87,4,Pill,1,9
GW040464,-32.23,148.64,489.96,0.42,1.6401,5.39,5.17,598,1.06,4,Pill,1,9.2
GW048683,-31.76,149.47,760,0.48,1.4445,5.7,5.48,620,0.72,4,Pill,1,10
GW053199,-32.13,150.35,233.99,1.04,0.1762,7.77,6.9,598,2.95,4,Pill,1,11
GW030887,-31.9,149.84,225,0.56,0.1779,6.17,5.97,706,2.65,4,Pill,1,12.2
GW015662,-31.53,150.38,48.15,0.75,-0.2736,6.8,6.65,641,13.8,4,Pill,1,12.8
GW042230,-32.23,148.63,245.1,0.42,1.6401,5.39,5.17,598,2.11,4,Pill,1,13.1
GW967473,-29.07,150.25,240,0.38,1.9971,7.15,7.21,630,3,4,Pill,1,15
GW064339,-31.66,149.9,33.4,0.58,0.3216,6.38,6.02,955,18.03,4,Pill,1,16
GW080935,-32.15,150.04,260,0.74,0.137,6.84,6.31,601,2.43,4,Pill,1,16
GW040465,-32.19,148.64,424.84,0.43,1.6493,5.38,5.15,585,1.21,4,Pill,1,16.8
GW966076,-31.55,150.49,190,0.82,-0.252,7.07,6.9,628,3.63,4,Pill,1,21
GW060182,-32.2,148.46,160.6,0.41,1.8545,5.2,5.03,578,3.13,4,Pill,1,21.4
GW042285,-32.2,148.64,597.03,0.43,1.6493,5.38,5.15,585,0.86,4,Pill,1,22.9
GW057101,-31.67,149.92,74.9,0.58,0.3216,6.38,6.02,926,8.04,4,Pill,1,23
GW011485,-31.94,149.19,135,0.49,1.5277,5.61,5.34,680,3.96,4,Pill,1,24.1
GW017276,-31.45,149.96,35,0.53,0.3194,6.19,6,654,17.14,4,Pill,1,24.4
GW019981,-31.43,149.94,512.7,0.53,0.3194,6.19,6,650,1.17,4,Pill,1,24.4
GW057728,-29.47,150.14,41.7,0.38,2.7811,6.82,6.78,632,16.25,4,Pill,1,25
GW015294,-31.82,149.56,594,0.47,1.0823,5.79,5.6,772,0.94,4,Pill,1,27.4
GW030858,-29.47,150.14,42.19,0.38,2.7811,6.82,6.78,632,16.06,4,Pill,1,28
GW048022,-32.14,148.79,212.01,0.44,1.6771,5.39,5.18,609,2.44,4,Pill,1,28
GW045923,-31.54,150.38,38.89,0.75,-0.2736,6.8,6.65,641,17.09,4,Pill,1,30
GW010725,-30.41,149.79,93.99,0.39,2.1091,5.65,5.72,657,6.09,4,Pill,1,32.6
GW030871,-32.21,148.68,537.82,0.44,1.6072,5.43,5.18,599,0.96,4,Pill,1,33.5
GW017971,-29.01,150.64,22.44,0.54,1.1911,7.98,8.09,675,36.06,4,Pill,1,35
GW029422,-31.7,149.62,76.3,0.47,1.0929,5.76,5.6,694,7.34,4,Pill,1,36
GW026773,-31.79,148.81,416.57,0.63,2.4526,5.38,5.03,594,1.21,4,Pill,1,36.2
GW030857,-29.47,150.15,39,0.38,2.7811,6.82,6.78,632,17.38,4,Pill,1,38
GW057127,-31.67,149.64,45.8,0.47,1.0105,5.78,5.64,666,12.31,4,Pill,1,38
GW047083,-30.39,149.82,276.53,0.39,2.1091,5.65,5.72,652,2.07,4,Pill,1,38.4
GW057975,-32,149.98,72.32,0.71,0.1098,6.66,6.21,640,8.59,4,Pill,1,38.7
GW042231,-32.23,148.66,1283.31,0.42,1.6401,5.39,5.17,603,0.4,4,Pill,1,40.5
GW022844,-31.5,150.24,85.09,0.65,-0.2587,6.46,6.37,658,7.49,4,Pill,1,41.1
GW034558,-30.38,149.76,85.09,0.36,2.0944,5.46,5.58,656,6.56,4,Pill,1,41.1
GW054115,-31.85,149.54,21.8,0.48,1.0011,5.85,5.63,737,25.81,4,Pill,1,41.9
GW966084,-31.55,150.49,470,0.82,-0.252,7.07,6.9,628,1.47,4,Pill,1,42
GW042214,-32,148.08,52.79,0.47,2.723,4.91,4.77,528,9.03,4,Pill,1,43
GW019531,-28.83,150.67,143.12,0.51,1.1279,8.04,8.2,647,5.73,4,Pill,1,44.2
GW026772,-31.79,148.81,116.99,0.63,2.4526,5.38,5.03,594,4.3,4,Pill,1,45.7
GW062433,-30.41,149.81,57.1,0.39,2.1091,5.65,5.72,654,10.03,4,Pill,1,45.7
GW000087,-30.24,149.86,61.97,0.39,2.3412,5.87,5.87,682,9.47,4,Pill,1,47.2
GW030931,-32.15,148.65,135.08,0.45,1.6777,5.38,5.13,598,3.8,4,Pill,1,47.2
GW037903,-31.82,149.05,699.84,0.57,1.9849,5.57,5.2,614,0.74,4,Pill,1,48.7
GW042546,-30.4,149.76,85.09,0.36,2.0944,5.46,5.58,656,6.56,4,Pill,1,48.7
GW019983,-31.42,149.93,52.3,0.52,0.3503,6.13,5.97,651,11.42,4,Pill,1,49.1
GW015172,-31.65,150.59,340,0.96,-0.0681,7.59,7.21,639,2.12,4,Pill,1,50
GW966075,-31.55,150.49,510,0.82,-0.252,7.07,6.9,628,1.35,4,Pill,1,50
GW003622,-30.44,149.83,34.99,0.38,1.8488,5.63,5.76,680,16.48,4,Pill,1,50.5
GW042228,-32.14,148.58,258.92,0.44,1.7267,5.33,5.1,590,1.97,4,Pill,1,50.6
GW014264,-32.14,148.66,52.79,0.45,1.6777,5.38,5.13,598,9.72,4,Pill,1,51.2
GW042691,-30.37,149.74,148.9,0.35,2.2505,5.5,5.61,646,3.77,4,Pill,1,51.8
GW057115,-31.61,149.87,55.6,0.55,0.485,6.26,5.93,894,10.67,4,Pill,1,52
GW030613,-30.49,149.71,58.5,0.37,1.9268,5.34,5.48,667,9.36,4,Pill,1,53.1
GW048805,-31.66,149.9,62.9,0.58,0.3216,6.38,6.02,926,9.57,4,Pill,1,54.8
GW009564,-31.3,149.27,19.85,0.91,3.3387,5.72,5.19,850,26.15,4,Pill,1,54.86
GW002521,-32.19,148.73,31.2,0.42,1.6869,5.35,5.16,602,16.55,4,Pill,1,54.9
GW006145,-31.81,149.64,159,0.48,0.7662,5.85,5.69,807,3.58,4,Pill,1,57
GW062918,-30.43,149.8,57.4,0.39,1.9578,5.59,5.7,666,9.93,4,Pill,1,57.5
GW009463,-31.77,149.78,148,0.58,0.4755,6.37,5.94,704,4.01,4,Pill,1,59.7
GW053397,-30.38,149.78,134.37,0.39,2.1091,5.65,5.72,654,4.26,4,Pill,1,60
GW037314,-30.4,149.77,88.63,0.36,2.0944,5.46,5.58,656,6.3,4,Pill,1,60.9
GW037912,-31.45,150.19,72.68,0.62,-0.1902,6.48,6.33,666,8.72,4,Pill,1,60.9
GW059385,-31.82,149.71,76.93,0.49,0.6152,5.91,5.75,668,7.47,4,Pill,1,61.5
GW000093,-30.24,149.81,29,0.35,2.4022,5.61,5.71,671,19.7,4,Pill,1,62.4
GW047575,-29.05,150.74,18.81,0.61,0.9915,8.24,8.31,714,44.2,4,Pill,1,63
GW003803,-31.53,149.71,27.7,0.52,1.0096,6.03,5.73,749,20.68,4,Pill,1,64
GW050167,-31.7,150.62,60.66,1,0.0028,7.75,7.27,704,11.98,4,Pill,1,64
GW052145,-31.87,149.42,761,0.47,1.355,5.68,5.45,717,0.72,4,Pill,1,64.6
GW022077,-31.61,149.91,31.9,0.56,0.3545,6.32,6,677,18.81,4,Pill,1,67.1
GW059960,-31.67,148.81,13,0.77,3.2438,5.39,4.97,617,38.21,4,Pill,1,67.1
GW001899,-32.21,148.64,491.02,0.43,1.6493,5.38,5.15,585,1.05,4,Pill,1,67.7
GW003498,-32.22,148.65,187.28,0.43,1.6493,5.38,5.15,585,2.75,4,Pill,1,67.7
GW010942,-30.07,149.9,28.01,0.37,1.9639,5.94,6,699,21.43,4,Pill,1,75.2
GW030836,-31.48,148.67,1079.9,0.98,4.3716,5.3,4.81,573,0.45,4,Pill,1,76.2
GW022649,-31.84,149.76,69.5,0.51,0.4206,6,5.83,705,8.38,4,Pill,1,77.7
GW053873,-31.47,150.18,55.31,0.62,-0.1902,6.48,6.33,666,11.45,4,Pill,1,79
GW030935,-32.1,148.63,67.01,0.46,1.7315,5.37,5.11,590,7.63,4,Pill,1,79.2
GW003348,-32.22,148.59,245.1,0.43,1.6942,5.34,5.12,602,2.09,4,Pill,1,81.4
GW005008,-29.1,150.78,34,0.65,0.922,8.37,8.41,734,24.75,4,Pill,1,82.3
GW050911,-32.22,148.71,2279.63,0.44,1.6072,5.43,5.18,606,0.23,4,Pill,1,84
GW007729,-31.94,149.68,355,0.51,0.3921,5.94,5.76,648,1.62,4,Pill,1,84.7
GW053952,-32.03,148.5,147.13,0.47,2.0009,5.24,5.01,574,3.4,4,Pill,1,91.5
GW017306,-29.63,150.19,66.97,0.36,3.352,6.89,6.81,696,10.17,4,Pill,1,95
GW008633,-29.02,150.54,260.1,0.48,1.4312,7.74,7.85,689,3.02,4,Pill,1,99.3
GW050339,-31.83,149.74,305,0.51,0.4206,6,5.83,676,1.91,4,Pill,1,0
GW050571,-32.25,148.55,200,0.41,1.7261,5.3,5.11,601,2.55,4,Pill,1,0
GW056709,-33.57,150.9,1550,3.68,-0.1371,40.51,36.4,875,2.35,3,WPG,2,27.5
GW010334,-31.22,150.03,40.1,0.51,0.0959,5.94,6.04,681,15.06,6,WPG,2,31.7
GW055442,-31.31,150.18,209.2,0.59,-0.2266,6.22,6.29,660,3.01,6,WPG,2,36.6
GW013557,-31.36,150.12,39,0.55,-0.041,6.19,6.14,653,15.74,6,WPG,2,58.5
GW013571,-31.33,150.09,87.2,0.55,-0.041,6.19,6.14,644,7.04,6,WPG,2,91.4
GW047076,-34.58,150.33,78.59,1.85,0.036,14.11,12.95,1134,16.48,3,WPG,3,89.9
GW037098,-34.53,150.41,15.43,1.98,-0.0176,15.4,14.05,1047,91.07,3,WPG,2,0
GW052490,-34.44,150.48,56.91,2.28,-0.1482,19.57,17.74,1034,31.17,3,WPG,2,38
GW060199,-34.54,150.31,137.03,1.68,0.1234,12.2,11.13,958,8.12,3,WPG,2,37
GW037422,-34.59,150.46,23.93,2.11,-0.0614,17.54,16.18,1263,67.6,3,WPG,4,89.9
GW037960,-34.59,150.25,118.4,1.57,0.1543,11.53,10.61,958,8.96,3,WPG,2,94.4
GW047480,-33.58,150.66,346.72,3.27,-0.2827,21.64,17.76,1082,5.12,3,WPG,3,56.5
GW037424,-31.35,149.38,217.61,0.68,2.4642,5.74,5.36,743,2.46,3,WPG,5,15.5
GW030165,-31.8,148.83,215.29,0.62,2.3582,5.42,5.06,591,2.35,3,WPG,4,45.7
GW021416,-31.55,149.38,169.33,0.53,1.8851,5.61,5.35,631,3.16,3,WPG,3,15.2
GW016479,-34.5,150.38,384.85,2,-0.0328,15.33,13.87,969,3.61,3,WPG,2,33.5
GW030245,-31.81,149.02,117.7,0.59,2.0745,5.54,5.17,620,4.39,3,WPG,7,43.6
GW027315,-31.37,149.5,192.33,0.59,2.0671,5.77,5.46,737,2.84,6,WPG,4,44.2
GW030220,-31.8,149.1,63.37,0.56,1.8996,5.6,5.24,616,8.27,3,WPG,4,18.3
GW036037,-31.81,149.09,80.6,0.56,1.8996,5.6,5.24,616,6.5,3,WPG,3,18
GW015703,-34.53,150.38,365.77,1.98,-0.0176,15.4,14.05,1028,3.84,3,WPG,2,42.6
GW047330,-34.12,150.54,158.76,2.52,-0.2488,19.13,16.48,978,10.38,3,WPG,2,46
GW047153,-33.58,150.68,559.09,3.38,-0.3449,24.13,20.1,1000,3.59,3,WPG,2,88
GW034742,-34.54,150.33,1181.08,1.83,0.0514,13.65,12.44,1006,1.05,3,WPG,2,76.2
GW047357,-33.54,150.85,1030.27,3.59,-0.2964,35.63,31.36,909,3.04,3,WPG,2,53.3
GW025996,-31.5,150.46,480.94,0.79,-0.2773,7,6.82,629,1.42,6,WPG,8,29.6
GW053989,-33.72,151.12,1590,3.79,0.0541,49.23,46.26,1323,2.91,3,WPG,3,92
GW026569,-31.54,149.45,2703.82,0.51,1.8399,5.59,5.39,645,0.2,3,WPG,4,32
GW060778,-34.09,150.62,208.67,2.62,-0.2842,21.22,18.45,943,8.84,3,WPG,3,40
GW030241,-31.81,149.04,612.45,0.57,1.9849,5.57,5.2,604,0.85,3,WPG,4,45.7
GW020642,-34.5,150.42,640.3,2,-0.0328,15.33,13.87,983,2.17,3,WPG,2,49.9
GW018938,-31.11,149.94,11355.55,0.46,0.4881,5.73,5.83,643,0.05,3,WPG,1,0
GW045046,-31.01,150.17,92.18,0.5,-0.0584,5.75,6.07,738,6.59,6,WPG,1,0
GW008995,-31.39,149.69,723,0.5,1.2616,5.88,5.7,716,0.79,6,WPG,1,4.6
GW008993,-31.33,149.62,528,0.53,1.7091,5.81,5.57,767,1.06,6,WPG,1,4.9
GW009208,-31.94,149.21,719,0.49,1.5277,5.61,5.34,696,0.74,6,WPG,1,4.9
GW012712,-33.68,150.68,400.3,3.16,-0.2776,21.47,17.92,911,4.48,3,WPG,1,6.7
GW004791,-33.71,150.7,1195.69,3.16,-0.2776,21.47,17.92,908,1.5,3,WPG,1,7.3
GW080107,-32.17,149.93,7200,0.71,0.2474,6.58,6.12,668,0.08,3,WPG,1,7.5
GW004789,-33.74,150.65,64.99,2.91,-0.1318,18.03,14.93,985,22.98,3,WPG,1,7.9
GW015956,-33.71,150.7,791.1,3.16,-0.2776,21.47,17.92,908,2.27,3,WPG,1,8.6
GW006101,-31.12,149.77,27.4,0.46,1.4562,5.68,5.65,721,20.61,6,WPG,1,9.8
GW014273,-34.16,150.57,1325.94,2.51,-0.2682,20.12,17.51,908,1.32,3,WPG,1,10.6
GW009437,-31.36,149.59,395,0.53,1.7091,5.81,5.57,758,1.41,6,WPG,1,10.7
GW008998,-31.28,149.72,113,0.49,1.4199,5.82,5.66,784,5.01,6,WPG,1,12.2
GW034256,-34.55,150.42,178.97,1.98,-0.0176,15.4,14.05,1047,7.85,3,WPG,1,12.2
GW047570,-33.62,150.73,14.54,3.45,-0.3908,27.03,22.89,910,157.45,3,WPG,1,13.1
GW037723,-31.6,148.91,425.44,0.8,3.2791,5.47,5.01,653,1.18,3,WPG,1,13.2
GW045048,-31.03,150.16,329.71,0.51,-0.0788,5.82,6.09,798,1.85,6,WPG,1,16.4
GW051249,-31.19,149.74,265.4,0.47,1.3457,5.76,5.68,715,2.14,6,WPG,1,17.7
GW052345,-31.88,149.49,2029.33,0.47,1.0297,5.77,5.56,718,0.27,3,WPG,1,18
GW010823,-31.59,149.53,372,0.47,1.4379,5.68,5.51,638,1.48,6,WPG,1,18.6
GW045049,-31.02,150.18,528.25,0.52,-0.1456,5.78,6.13,744,1.16,6,WPG,1,21.2
GW016550,-34.49,150.43,274.34,2.14,-0.0931,17.4,15.81,1109,5.76,3,WPG,1,21.3
GW057135,-31.67,150.66,83,1.01,-0.0163,7.74,7.34,681,8.84,6,WPG,1,21.3
GW016098,-31.22,149.87,129.6,0.47,0.8819,5.81,5.76,742,4.45,6,WPG,1,21.9
GW051337,-31.54,149.54,246,0.48,1.5311,5.66,5.5,658,2.23,3,WPG,1,21.9
GW035561,-31.35,149.37,191.45,0.74,2.6841,5.73,5.31,709,2.77,6,WPG,1,22.8
GW100001,-33.6,150.73,506.95,3.45,-0.3908,27.03,22.89,910,4.52,3,WPG,1,24
GW056667,-31.68,150.65,48.9,1.05,0.06,7.91,7.4,706,15.13,3,WPG,1,24.3
GW009540,-31.24,149.47,339,0.67,2.5065,5.74,5.38,742,1.59,6,WPG,1,24.4
GW057943,-34.58,150.3,1257.52,1.71,0.0936,12.72,11.69,1125,0.93,3,WPG,1,25.9
GW008688,-31.12,149.7,225,0.48,1.6931,5.68,5.59,722,2.49,6,WPG,1,26.5
GW002671,-31.6,149.5,447,0.48,1.593,5.64,5.46,675,1.22,6,WPG,1,27.7
GW051244,-31.88,149.43,552,0.47,1.1608,5.74,5.52,712,1,3,WPG,1,28
GW017151,-31.02,149.76,101.8,0.45,1.5398,5.6,5.61,679,5.51,6,WPG,1,30.2
GW011548,-31.41,149.83,420,0.5,0.6968,6.04,5.85,651,1.39,3,WPG,1,30.5
GW053898,-33.45,151,25.17,4.54,0.0396,50.64,46.93,960,186.44,3,WPG,1,31
GW002875,-31.35,149.64,112,0.51,1.5297,5.83,5.63,754,5.02,6,WPG,1,32.6
GW017125,-31.37,149.6,173.3,0.53,1.7091,5.81,5.57,758,3.21,3,WPG,1,32.9
GW011393,-34.44,150.39,22.51,2.01,-0.0471,15.24,13.68,909,60.78,3,WPG,1,33.5
GW017024,-31.38,149.82,185,0.5,0.8833,5.99,5.79,687,3.13,3,WPG,1,33.5
GW045050,-31.04,150.16,115.22,0.51,-0.0788,5.82,6.09,798,5.29,6,WPG,1,33.5
GW009315,-31.64,149.52,591,0.47,1.4991,5.66,5.48,701,0.93,3,WPG,1,33.8
GW048729,-32.26,149.38,5125,0.52,0.8689,5.99,5.64,720,0.11,3,WPG,1,35
GW005316,-34.14,150.78,640.1,3.25,0.0111,36.71,34.13,868,5.33,3,WPG,1,36.5
GW017315,-34.14,150.69,2180.01,2.75,-0.2171,28.3,25.64,892,1.18,3,WPG,1,36.5
GW045047,-31.03,150.16,611.56,0.51,-0.0788,5.82,6.09,798,1,6,WPG,1,36.6
GW059264,-34.57,150.41,1065.72,1.98,-0.0176,15.4,14.05,1109,1.32,3,WPG,1,36.6
GW009029,-31.41,149.74,417,0.5,1.0707,5.95,5.73,707,1.37,6,WPG,1,37.5
GW043721,-30.68,149.85,697.01,0.4,1.0543,5.44,5.67,712,0.81,6,WPG,1,38.1
GW013247,-30.88,149.76,1315.77,0.43,1.5907,5.52,5.57,702,0.42,6,WPG,1,38.4
GW015214,-34.54,150.45,337.3,2.12,-0.0776,17.51,16.03,1046,4.75,3,WPG,1,39
GW011227,-34.53,150.31,83.99,1.68,0.1234,12.2,11.13,958,13.25,3,WPG,1,40.3
GW006834,-32.26,148.65,361.99,0.42,1.6401,5.39,5.17,604,1.43,3,WPG,1,42.7
GW008578,-31.61,149.51,725,0.48,1.593,5.64,5.46,675,0.75,6,WPG,1,43.3
GW027604,-31.8,149.56,349,0.47,1.0823,5.79,5.6,772,1.6,6,WPG,1,43.3
GW052752,-31.81,148.99,47.51,0.59,2.0745,5.54,5.17,602,10.88,3,WPG,1,44.8
GW011564,-30.79,149.82,142.98,0.42,1.2941,5.5,5.65,715,3.95,6,WPG,1,45.7
GW024052,-31.24,149.6,149.1,0.54,1.8903,5.76,5.54,766,3.72,6,WPG,1,45.7
GW034702,-34.44,150.51,150.68,2.28,-0.1482,19.57,17.74,1079,11.77,3,WPG,1,45.7
GW059375,-34.44,150.39,30,2.01,-0.0471,15.24,13.68,909,45.61,3,WPG,1,45.7
GW010814,-34.48,150.35,76.76,1.85,0.0369,13.61,12.31,916,16.03,3,WPG,1,48.7
GW016298,-34.48,150.43,667.86,2.14,-0.0931,17.4,15.81,1109,2.37,3,WPG,1,49.3
GW006454,-30.75,149.8,1701.67,0.41,1.3038,5.47,5.64,706,0.33,6,WPG,1,49.6
GW050976,-33.99,150.63,325,2.76,-0.2911,20.9,18.02,843,5.54,3,WPG,1,52
GW009945,-30.98,149.68,426.93,0.47,1.7951,5.61,5.56,681,1.3,6,WPG,1,54.8
GW015421,-31.35,150.19,76.22,0.6,-0.228,6.31,6.31,670,8.28,6,WPG,1,54.9
GW021558,-31.24,149.59,332,0.54,1.8903,5.76,5.54,787,1.67,6,WPG,1,54.9
GW013138,-34.52,150.46,56.09,2.14,-0.0931,17.4,15.81,1027,28.18,3,WPG,1,55.4
GW013320,-34.61,150.58,13.79,2.73,-0.1669,27.32,25.73,1678,186.58,3,WPG,1,55.6
GW060772,-34.43,150.34,101.4,1.87,0.0206,13.6,12.2,1001,12.03,3,WPG,1,56
GW059446,-34.21,150.77,3400,3.12,-0.013,34.62,32.09,916,0.94,3,WPG,1,57
GW015690,-34.55,150.46,288.13,2.12,-0.0776,17.51,16.03,1063,5.56,3,WPG,1,57.6
GW012577,-34.43,150.5,161.31,2.28,-0.1482,19.57,17.74,1034,11,3,WPG,1,57.9
GW037743,-34.05,150.64,74.45,2.74,-0.3244,22.36,19.49,861,26.17,3,WPG,1,57.9
GW003980,-31.65,149.59,440,0.47,1.1817,5.73,5.58,692,1.27,3,WPG,1,61
GW034454,-32.16,149.8,595.61,0.67,0.1942,6.61,5.98,659,1,3,WPG,1,61
GW047674,-33.58,150.66,780.68,3.27,-0.2827,21.64,17.76,1082,2.27,3,WPG,1,61
GW051809,-33.53,150.77,376,3.55,-0.3788,27.95,23.64,953,6.29,3,WPG,1,61
GW053210,-33.57,150.67,70,3.37,-0.2869,22.34,18.26,1081,26.09,3,WPG,1,61
GW055742,-34,150.6,855.13,2.66,-0.2407,19,16.24,893,1.9,3,WPG,1,61.3
GW060608,-32.17,149.86,17,0.7,0.1489,6.68,6.03,635,35.47,3,WPG,1,62.5
GW019254,-33.68,151.2,97.99,5.75,0.1948,60.31,58.06,1375,59.25,3,WPG,1,64
GW056668,-31.69,150.66,61.3,1.05,0.06,7.91,7.4,701,12.07,6,WPG,1,64
GW047443,-34.59,150.26,102.1,1.57,0.1543,11.53,10.61,998,10.39,3,WPG,1,67.1
GW054025,-34.54,150.5,35.79,2.26,-0.1209,20.06,18.47,1129,51.6,3,WPG,1,68
GW056750,-34.26,150.65,678,2.72,-0.1429,28.12,25.51,939,3.76,3,WPG,1,68.9
GW053002,-34.06,150.64,131.18,2.74,-0.3244,22.36,19.49,861,14.85,3,WPG,1,70
GW059401,-34.06,150.63,350,2.74,-0.3244,22.36,19.49,861,5.57,3,WPG,1,70
GW011917,-34.51,150.47,57.79,2.14,-0.0931,17.4,15.81,1027,27.35,3,WPG,1,70.1
GW035423,-34.57,150.34,297.17,1.83,0.0514,13.65,12.44,1035,4.19,3,WPG,1,71.4
GW047684,-34.09,150.56,92.18,2.52,-0.2488,19.13,16.48,960,17.88,3,WPG,1,76
GW053019,-34.6,150.24,293.55,1.57,0.1543,11.53,10.61,958,3.62,3,WPG,1,76
GW061145,-32.04,149.22,778,0.48,1.3871,5.66,5.38,616,0.69,3,WPG,1,76.2
GW008634,-30.73,149.85,524.92,0.4,1.0503,5.47,5.69,705,1.08,6,WPG,1,78.3
GW037851,-34.52,150.26,15.95,1.54,0.1796,11.03,10.02,866,62.81,3,WPG,1,78.6
GW008026,-32.25,148.7,3857.5,0.41,1.7099,5.31,5.15,612,0.13,3,WPG,1,79.2
GW059327,-33.58,150.65,475,3.27,-0.2827,21.64,17.76,1082,3.74,3,WPG,1,80
GW057392,-32.17,150.43,976.38,1.17,0.2843,8.18,7.16,631,0.73,3,WPG,1,82.3
GW057908,-34.53,150.29,16.31,1.68,0.1234,12.2,11.13,937,68.25,3,WPG,1,84
GW010574,-32.27,148.66,177.23,0.42,1.6401,5.39,5.17,607,2.92,3,WPG,1,84.7
GW075090,-33.69,150.58,880,2.88,-0.1344,17.61,14.4,1174,1.64,3,WPG,1,85
GW019131,-34.42,150.39,5676.45,2.02,-0.052,15.01,13.37,898,0.24,3,WPG,1,86.2
GW017628,-34.12,150.51,52.61,2.41,-0.1988,17.29,14.78,1028,28.1,3,WPG,1,89
GW056602,-31.09,149.99,500,0.48,0.2877,5.79,5.93,647,1.19,6,WPG,1,91
GW009371,-31.35,149.53,35.8,0.56,1.8859,5.79,5.52,730,15.41,3,WPG,1,91.4
GW027885,-31.64,150.58,230.5,0.96,-0.0681,7.59,7.21,639,3.13,3,WPG,1,91.4
GW043282,-34.58,150.23,36.37,1.57,0.1543,11.53,10.61,958,29.18,3,WPG,1,91.4
GW047406,-34.59,150.25,71.97,1.57,0.1543,11.53,10.61,998,14.75,3,WPG,1,91.5
GW053288,-34.25,150.72,976.38,2.97,-0.0476,32.3,29.84,1012,3.06,3,WPG,1,92
GW053272,-34.58,150.25,29.43,1.57,0.1543,11.53,10.61,958,36.06,3,WPG,1,96
GW019078,-34.5,150.36,147.98,1.85,0.0369,13.61,12.31,916,8.32,3,WPG,1,96.3
GW050397,-34.44,150.5,70.97,2.28,-0.1482,19.57,17.74,1079,25,3,WPG,1,0
